protein,go_term
O00748,GO:0005783
O00748,GO:0005788
O00748,GO:0006693
O00748,GO:0006805
O00748,GO:0047374
O00748,GO:0050253
O00748,GO:0050784
O00748,GO:0052689
O00748,GO:0071273
O00748,GO:0098754
O00748,GO:0106435
O14975,GO:0001561
O14975,GO:0001676
O14975,GO:0004467
O14975,GO:0005324
O14975,GO:0005524
O14975,GO:0005778
O14975,GO:0005788
O14975,GO:0005789
O14975,GO:0005829
O14975,GO:0005886
O14975,GO:0006635
O14975,GO:0006699
O14975,GO:0008206
O14975,GO:0019899
O14975,GO:0031957
O14975,GO:0033540
O14975,GO:0035579
O14975,GO:0044539
O14975,GO:0046949
O14975,GO:0047676
O14975,GO:0047747
O14975,GO:0050197
O14975,GO:0070062
O14975,GO:0070251
O14975,GO:0097089
O60706,GO:0005267
O60706,GO:0005524
O60706,GO:0005739
O60706,GO:0005886
O60706,GO:0008281
O60706,GO:0008282
O60706,GO:0015459
O60706,GO:0016887
O60706,GO:0019829
O60706,GO:0030017
O60706,GO:0031004
O60706,GO:0033198
O60706,GO:0042383
O60706,GO:0042626
O60706,GO:0044325
O60706,GO:0044877
O60706,GO:0051607
O60706,GO:0055085
O60706,GO:0061337
O60706,GO:0071805
O60706,GO:0098655
O60706,GO:0099104
O60706,GO:0140359
O60706,GO:0150104
O60706,GO:1990573
O75469,GO:0000122
O75469,GO:0000785
O75469,GO:0000977
O75469,GO:0000978
O75469,GO:0000981
O75469,GO:0001228
O75469,GO:0004879
O75469,GO:0005634
O75469,GO:0005654
O75469,GO:0005737
O75469,GO:0006351
O75469,GO:0006355
O75469,GO:0006805
O75469,GO:0007165
O75469,GO:0008202
O75469,GO:0008270
O75469,GO:0016922
O75469,GO:0030154
O75469,GO:0030522
O75469,GO:0042178
O75469,GO:0042908
O75469,GO:0045892
O75469,GO:0045893
O75469,GO:0045944
O75469,GO:0060729
O75469,GO:0071219
O75469,GO:1990837
O76074,GO:0004114
O76074,GO:0004115
O76074,GO:0005829
O76074,GO:0007165
O76074,GO:0030553
O76074,GO:0046069
O76074,GO:0046872
O76074,GO:0047555
O76074,GO:0141162
O95298,GO:0005737
O95298,GO:0005739
O95298,GO:0005743
O95298,GO:0005886
O95298,GO:0006120
O95298,GO:0008137
O95298,GO:0009060
O95298,GO:0010918
O95298,GO:0032981
O95298,GO:0035577
O95298,GO:0042776
O95298,GO:0045271
O95298,GO:1901223
O95298,GO:1903427
O95298,GO:2001171
O95342,GO:0005524
O95342,GO:0005768
O95342,GO:0005886
O95342,GO:0006631
O95342,GO:0006699
O95342,GO:0006805
O95342,GO:0006855
O95342,GO:0008206
O95342,GO:0008559
O95342,GO:0009986
O95342,GO:0015125
O95342,GO:0015126
O95342,GO:0015432
O95342,GO:0015721
O95342,GO:0015722
O95342,GO:0016324
O95342,GO:0016567
O95342,GO:0016887
O95342,GO:0031998
O95342,GO:0042632
O95342,GO:0046581
O95342,GO:0046618
O95342,GO:0046691
O95342,GO:0055037
O95342,GO:0055038
O95342,GO:0055085
O95342,GO:0055088
O95342,GO:0055091
O95342,GO:0070062
O95342,GO:0120189
O95750,GO:0001934
O95750,GO:0005104
O95750,GO:0005576
O95750,GO:0005615
O95750,GO:0005737
O95750,GO:0007399
O95750,GO:0008083
O95750,GO:0008284
O95750,GO:0008543
O95750,GO:0010629
O95750,GO:0022008
O95750,GO:0030334
O95750,GO:0043410
O95750,GO:0045471
O95750,GO:0046326
O95750,GO:0046330
O95750,GO:0070374
O95750,GO:0070858
P02776,GO:0002548
P02776,GO:0005576
P02776,GO:0005615
P02776,GO:0005737
P02776,GO:0006954
P02776,GO:0007189
P02776,GO:0008009
P02776,GO:0008201
P02776,GO:0010628
P02776,GO:0010744
P02776,GO:0016525
P02776,GO:0019221
P02776,GO:0030168
P02776,GO:0030195
P02776,GO:0030593
P02776,GO:0030595
P02776,GO:0031012
P02776,GO:0031093
P02776,GO:0032760
P02776,GO:0042127
P02776,GO:0042832
P02776,GO:0045236
P02776,GO:0045347
P02776,GO:0045651
P02776,GO:0045653
P02776,GO:0045944
P02776,GO:0048018
P02776,GO:0048248
P02776,GO:0051873
P02776,GO:0061844
P02776,GO:0071222
P02776,GO:2001240
P05177,GO:0004497
P05177,GO:0005506
P05177,GO:0005739
P05177,GO:0005789
P05177,GO:0006706
P05177,GO:0006805
P05177,GO:0008203
P05177,GO:0008210
P05177,GO:0008395
P05177,GO:0009055
P05177,GO:0009403
P05177,GO:0009404
P05177,GO:0009820
P05177,GO:0016098
P05177,GO:0016491
P05177,GO:0016712
P05177,GO:0019373
P05177,GO:0019899
P05177,GO:0020037
P05177,GO:0032259
P05177,GO:0032451
P05177,GO:0032787
P05177,GO:0034875
P05177,GO:0042178
P05177,GO:0042572
P05177,GO:0042759
P05177,GO:0043231
P05177,GO:0046222
P05177,GO:0070989
P05177,GO:0097267
P05177,GO:0101020
P05177,GO:0101021
P05177,GO:0106256
P00813,GO:0001666
P00813,GO:0004000
P00813,GO:0005764
P00813,GO:0005829
P00813,GO:0005886
P00813,GO:0006154
P00813,GO:0006196
P00813,GO:0006805
P00813,GO:0007155
P00813,GO:0008270
P00813,GO:0009168
P00813,GO:0009897
P00813,GO:0009986
P00813,GO:0014074
P00813,GO:0016020
P00813,GO:0019239
P00813,GO:0032261
P00813,GO:0033632
P00813,GO:0042110
P00813,GO:0043101
P00813,GO:0043103
P00813,GO:0045187
P00813,GO:0046059
P00813,GO:0046085
P00813,GO:0046103
P00813,GO:0046936
P00813,GO:0060169
P00813,GO:0060205
P00813,GO:0070161
P05164,GO:0003682
P05164,GO:0004601
P05164,GO:0005576
P05164,GO:0005615
P05164,GO:0005634
P05164,GO:0005764
P05164,GO:0006337
P05164,GO:0006952
P05164,GO:0006979
P05164,GO:0008201
P05164,GO:0009612
P05164,GO:0020037
P05164,GO:0030141
P05164,GO:0031491
P05164,GO:0032094
P05164,GO:0032496
P05164,GO:0034374
P05164,GO:0035578
P05164,GO:0042582
P05164,GO:0042742
P05164,GO:0042744
P05164,GO:0043066
P05164,GO:0045335
P05164,GO:0046872
P05164,GO:0070062
P05164,GO:0070943
P05164,GO:0070944
P05164,GO:0070947
P05164,GO:0097013
P05164,GO:0140644
P05164,GO:0140645
P05164,GO:0140776
P05164,GO:1990268
P05230,GO:0001525
P05230,GO:0005104
P05230,GO:0005178
P05230,GO:0005576
P05230,GO:0005615
P05230,GO:0005634
P05230,GO:0005654
P05230,GO:0005737
P05230,GO:0005829
P05230,GO:0005938
P05230,GO:0007165
P05230,GO:0008083
P05230,GO:0008201
P05230,GO:0008284
P05230,GO:0008543
P05230,GO:0009653
P05230,GO:0010595
P05230,GO:0022008
P05230,GO:0030334
P05230,GO:0030335
P05230,GO:0031012
P05230,GO:0032148
P05230,GO:0034605
P05230,GO:0042060
P05230,GO:0043406
P05230,GO:0043410
P05230,GO:0044548
P05230,GO:0045542
P05230,GO:0045766
P05230,GO:0045944
P05230,GO:0051781
P05230,GO:0060681
P05230,GO:0070374
P05230,GO:0072163
P05230,GO:1901509
P05230,GO:1902533
P05230,GO:1903672
P05230,GO:2000544
O43451,GO:0000025
O43451,GO:0003824
O43451,GO:0004558
O43451,GO:0004574
O43451,GO:0005886
O43451,GO:0005983
O43451,GO:0016160
O43451,GO:0016324
O43451,GO:0030246
O43451,GO:0070062
O43451,GO:0070821
O43451,GO:0101003
O43451,GO:1901027
O60656,GO:0001889
O60656,GO:0001972
O60656,GO:0004857
O60656,GO:0005783
O60656,GO:0005789
O60656,GO:0006805
O60656,GO:0008194
O60656,GO:0008210
O60656,GO:0009812
O60656,GO:0015020
O60656,GO:0016125
O60656,GO:0019899
O60656,GO:0042573
O60656,GO:0042802
O60656,GO:0042803
O60656,GO:0045922
O60656,GO:0046982
O60656,GO:0051552
O60656,GO:0071385
O95180,GO:0005244
O95180,GO:0005245
O95180,GO:0005886
O95180,GO:0005891
O95180,GO:0006936
O95180,GO:0007517
O95180,GO:0007520
O95180,GO:0008016
O95180,GO:0008331
O95180,GO:0008332
O95180,GO:0016020
O95180,GO:0032342
O95180,GO:0032870
O95180,GO:0034651
O95180,GO:0035865
O95180,GO:0042391
O95180,GO:0046872
O95180,GO:0055085
O95180,GO:0070509
O95180,GO:0097110
O95180,GO:0098703
O95180,GO:2000344
O95477,GO:0005102
O95477,GO:0005524
O95477,GO:0005548
O95477,GO:0005768
O95477,GO:0005789
O95477,GO:0005794
O95477,GO:0005886
O95477,GO:0007040
O95477,GO:0007186
O95477,GO:0007189
O95477,GO:0008035
O95477,GO:0008203
O95477,GO:0008320
O95477,GO:0009306
O95477,GO:0009897
O95477,GO:0010745
O95477,GO:0010875
O95477,GO:0010887
O95477,GO:0015485
O95477,GO:0016197
O95477,GO:0016323
O95477,GO:0016887
O95477,GO:0019905
O95477,GO:0023061
O95477,GO:0030139
O95477,GO:0031210
O95477,GO:0031267
O95477,GO:0032367
O95477,GO:0032489
O95477,GO:0033344
O95477,GO:0033552
O95477,GO:0033700
O95477,GO:0034185
O95477,GO:0034186
O95477,GO:0034188
O95477,GO:0034380
O95477,GO:0034616
O95477,GO:0042158
O95477,GO:0042626
O95477,GO:0042632
O95477,GO:0043691
O95477,GO:0045121
O95477,GO:0045332
O95477,GO:0045335
O95477,GO:0046623
O95477,GO:0048471
O95477,GO:0051117
O95477,GO:0055091
O95477,GO:0060155
O95477,GO:0071222
O95477,GO:0071300
O95477,GO:0071345
O95477,GO:0071397
O95477,GO:0071404
O95477,GO:0071466
O95477,GO:0071806
O95477,GO:0090107
O95477,GO:0090108
O95477,GO:0090554
O95477,GO:0090556
O95477,GO:0097708
O95477,GO:0120020
O95477,GO:0140115
O95477,GO:0140328
O95477,GO:0140359
P00742,GO:0004252
P00742,GO:0005509
P00742,GO:0005543
P00742,GO:0005576
P00742,GO:0005615
P00742,GO:0005788
P00742,GO:0005796
P00742,GO:0005886
P00742,GO:0006508
P00742,GO:0007596
P00742,GO:0009897
P00742,GO:0030335
P00742,GO:0032008
P00918,GO:0004064
P00918,GO:0004089
P00918,GO:0005737
P00918,GO:0005829
P00918,GO:0005886
P00918,GO:0008270
P00918,GO:0015670
P00918,GO:0018820
P00918,GO:0038166
P00918,GO:0044070
P00918,GO:0045177
P00918,GO:0051453
P00918,GO:0070062
P00918,GO:2001150
P05412,GO:0000122
P05412,GO:0000228
P05412,GO:0000785
P05412,GO:0000791
P05412,GO:0000976
P05412,GO:0000978
P05412,GO:0000981
P05412,GO:0001227
P05412,GO:0001228
P05412,GO:0003677
P05412,GO:0003682
P05412,GO:0003700
P05412,GO:0003723
P05412,GO:0005096
P05412,GO:0005634
P05412,GO:0005654
P05412,GO:0005667
P05412,GO:0006351
P05412,GO:0006357
P05412,GO:0007179
P05412,GO:0007254
P05412,GO:0017053
P05412,GO:0019046
P05412,GO:0019899
P05412,GO:0031625
P05412,GO:0032905
P05412,GO:0034976
P05412,GO:0035497
P05412,GO:0035976
P05412,GO:0042127
P05412,GO:0042802
P05412,GO:0043392
P05412,GO:0043922
P05412,GO:0043923
P05412,GO:0044389
P05412,GO:0045892
P05412,GO:0045893
P05412,GO:0045944
P05412,GO:0048545
P05412,GO:0051726
P05412,GO:0060395
P05412,GO:0061629
P05412,GO:0070412
P05412,GO:0072740
P05412,GO:0140296
P05412,GO:0140467
P05412,GO:1902895
P05412,GO:1904707
P05412,GO:1990837
P05412,GO:2000144
P06858,GO:0001523
P06858,GO:0004465
P06858,GO:0004620
P06858,GO:0004806
P06858,GO:0005102
P06858,GO:0005509
P06858,GO:0005576
P06858,GO:0005615
P06858,GO:0005886
P06858,GO:0006631
P06858,GO:0006633
P06858,GO:0006641
P06858,GO:0006644
P06858,GO:0008201
P06858,GO:0008970
P06858,GO:0009749
P06858,GO:0009986
P06858,GO:0010744
P06858,GO:0010884
P06858,GO:0010886
P06858,GO:0019433
P06858,GO:0031670
P06858,GO:0032722
P06858,GO:0032731
P06858,GO:0032755
P06858,GO:0032760
P06858,GO:0034185
P06858,GO:0034361
P06858,GO:0034371
P06858,GO:0034372
P06858,GO:0034375
P06858,GO:0034447
P06858,GO:0042627
P06858,GO:0042632
P06858,GO:0042803
P06858,GO:0043395
P06858,GO:0043495
P06858,GO:0045600
P06858,GO:0050729
P06858,GO:0055096
P06858,GO:0070328
P06858,GO:0071398
P06858,GO:0071813
P06858,GO:1904179
P06858,GO:2000343
P08235,GO:0000785
P08235,GO:0000981
P08235,GO:0003700
P08235,GO:0003707
P08235,GO:0004879
P08235,GO:0005496
P08235,GO:0005634
P08235,GO:0005654
P08235,GO:0005789
P08235,GO:0005829
P08235,GO:0006351
P08235,GO:0006357
P08235,GO:0007165
P08235,GO:0008270
P08235,GO:0017025
P08235,GO:0030518
P08235,GO:0034056
P08235,GO:0043235
P08235,GO:1901224
P08235,GO:1990837
P08473,GO:0001786
P08473,GO:0001822
P08473,GO:0001890
P08473,GO:0002003
P08473,GO:0004175
P08473,GO:0004181
P08473,GO:0004222
P08473,GO:0005737
P08473,GO:0005769
P08473,GO:0005802
P08473,GO:0005886
P08473,GO:0005903
P08473,GO:0005925
P08473,GO:0006508
P08473,GO:0006518
P08473,GO:0007611
P08473,GO:0008021
P08473,GO:0008238
P08473,GO:0008270
P08473,GO:0009986
P08473,GO:0010814
P08473,GO:0010815
P08473,GO:0016020
P08473,GO:0016485
P08473,GO:0019233
P08473,GO:0030163
P08473,GO:0030324
P08473,GO:0030424
P08473,GO:0030425
P08473,GO:0030667
P08473,GO:0031410
P08473,GO:0042277
P08473,GO:0042447
P08473,GO:0042803
P08473,GO:0043025
P08473,GO:0043627
P08473,GO:0044306
P08473,GO:0045121
P08473,GO:0045202
P08473,GO:0046449
P08473,GO:0050435
P08473,GO:0050769
P08473,GO:0061837
P08473,GO:0070012
P08473,GO:0070062
P08473,GO:0071345
P08473,GO:0071492
P08473,GO:0071493
P08473,GO:0090399
P08473,GO:0097242
P08473,GO:0098793
P08473,GO:0150094
P08473,GO:1900273
P08473,GO:1901612
O00763,GO:0003989
O00763,GO:0005524
O00763,GO:0005634
O00763,GO:0005739
O00763,GO:0005741
O00763,GO:0005829
O00763,GO:0006084
O00763,GO:0006633
O00763,GO:0010884
O00763,GO:0010906
O00763,GO:0031667
O00763,GO:0031999
O00763,GO:0042802
O00763,GO:0046872
O00763,GO:0051289
O00763,GO:0055089
O00763,GO:0060421
O00763,GO:0097009
O00763,GO:2001295
O75795,GO:0005789
O75795,GO:0006805
O75795,GO:0008202
O75795,GO:0008210
O75795,GO:0015020
O75795,GO:0016020
P00915,GO:0004064
P00915,GO:0004089
P00915,GO:0005737
P00915,GO:0005829
P00915,GO:0008270
P00915,GO:0009750
P00915,GO:0016836
P00915,GO:0018820
P00915,GO:0070062
P01008,GO:0002020
P01008,GO:0004867
P01008,GO:0005576
P01008,GO:0005615
P01008,GO:0005788
P01008,GO:0005886
P01008,GO:0007596
P01008,GO:0008201
P01008,GO:0030193
P01008,GO:0031012
P01008,GO:0042802
P01008,GO:0070062
P01008,GO:0072562
P02585,GO:0003009
P02585,GO:0005509
P02585,GO:0005829
P02585,GO:0005861
P02585,GO:0006937
P02763,GO:0002682
P02763,GO:0005576
P02763,GO:0005615
P02763,GO:0006953
P02763,GO:0006954
P02763,GO:0031093
P02763,GO:0032715
P02763,GO:0032720
P02763,GO:0032731
P02763,GO:0032732
P02763,GO:0032760
P02763,GO:0035580
P02763,GO:0070062
P02763,GO:0072562
P02763,GO:1904724
P04746,GO:0004556
P04746,GO:0005509
P04746,GO:0005576
P04746,GO:0005615
P04746,GO:0005975
P04746,GO:0016052
P04746,GO:0031404
P04746,GO:0044245
P04746,GO:0070062
P04798,GO:0001666
P04798,GO:0001676
P04798,GO:0002933
P04798,GO:0004497
P04798,GO:0005506
P04798,GO:0005739
P04798,GO:0005743
P04798,GO:0005789
P04798,GO:0006631
P04798,GO:0006694
P04798,GO:0006706
P04798,GO:0006778
P04798,GO:0006805
P04798,GO:0008202
P04798,GO:0008210
P04798,GO:0008391
P04798,GO:0008395
P04798,GO:0009404
P04798,GO:0009624
P04798,GO:0009635
P04798,GO:0009692
P04798,GO:0009804
P04798,GO:0009812
P04798,GO:0010041
P04798,GO:0016491
P04798,GO:0016679
P04798,GO:0016711
P04798,GO:0016712
P04798,GO:0017143
P04798,GO:0019341
P04798,GO:0019373
P04798,GO:0019825
P04798,GO:0019899
P04798,GO:0020037
P04798,GO:0030544
P04798,GO:0032094
P04798,GO:0032451
P04798,GO:0032496
P04798,GO:0033189
P04798,GO:0033595
P04798,GO:0035902
P04798,GO:0042178
P04798,GO:0042359
P04798,GO:0042572
P04798,GO:0042759
P04798,GO:0042904
P04798,GO:0043010
P04798,GO:0046209
P04798,GO:0046685
P04798,GO:0048565
P04798,GO:0048771
P04798,GO:0051879
P04798,GO:0055093
P04798,GO:0060137
P04798,GO:0070365
P04798,GO:0070576
P04798,GO:0071280
P04798,GO:0097267
P04798,GO:0101020
P04798,GO:0101021
P04798,GO:0102033
P04798,GO:0106256
P04798,GO:0120319
P04798,GO:1900087
P04798,GO:1901497
P04798,GO:1904010
P04798,GO:1904612
P04798,GO:1904681
P07550,GO:0001540
P07550,GO:0002025
P07550,GO:0004941
P07550,GO:0005634
P07550,GO:0005764
P07550,GO:0005768
P07550,GO:0005794
P07550,GO:0005886
P07550,GO:0006898
P07550,GO:0006940
P07550,GO:0007166
P07550,GO:0007188
P07550,GO:0008179
P07550,GO:0008333
P07550,GO:0010008
P07550,GO:0010666
P07550,GO:0010667
P07550,GO:0015459
P07550,GO:0016020
P07550,GO:0016324
P07550,GO:0030669
P07550,GO:0042802
P07550,GO:0042803
P07550,GO:0043235
P07550,GO:0043410
P07550,GO:0044877
P07550,GO:0045744
P07550,GO:0051380
P07550,GO:0061885
P07550,GO:0071875
P07550,GO:0071880
P07550,GO:0071881
P07550,GO:0098990
P07550,GO:0098992
P07550,GO:0106134
P07550,GO:0120162
P07550,GO:1900451
P07550,GO:1901098
P07550,GO:1904504
P07550,GO:1904646
P07550,GO:1990911
P08514,GO:0001525
P08514,GO:0002687
P08514,GO:0005886
P08514,GO:0005925
P08514,GO:0007160
P08514,GO:0007229
P08514,GO:0009897
P08514,GO:0009986
P08514,GO:0031092
P08514,GO:0033631
P08514,GO:0034113
P08514,GO:0038023
P08514,GO:0042802
P08514,GO:0046872
P08514,GO:0050840
P08514,GO:0060090
P08514,GO:0070051
P08514,GO:0070062
P08514,GO:0070442
P08514,GO:0072562
P08514,GO:0098609
O60488,GO:0001676
O60488,GO:0004467
O60488,GO:0005524
O60488,GO:0005737
O60488,GO:0005739
O60488,GO:0005741
O60488,GO:0005783
O60488,GO:0005789
O60488,GO:0005811
O60488,GO:0005886
O60488,GO:0006629
O60488,GO:0006631
O60488,GO:0006633
O60488,GO:0008610
O60488,GO:0016020
O60488,GO:0030182
O60488,GO:0030307
O60488,GO:0031957
O60488,GO:0032024
O60488,GO:0032307
O60488,GO:0035336
O60488,GO:0035338
O60488,GO:0044233
O60488,GO:0047676
O60488,GO:0070062
O60488,GO:0090433
O60488,GO:0160020
P00734,GO:0001530
P00734,GO:0004252
P00734,GO:0005102
P00734,GO:0005509
P00734,GO:0005576
P00734,GO:0005615
P00734,GO:0005788
P00734,GO:0005796
P00734,GO:0005886
P00734,GO:0006508
P00734,GO:0006953
P00734,GO:0007166
P00734,GO:0007596
P00734,GO:0008083
P00734,GO:0008201
P00734,GO:0009611
P00734,GO:0010544
P00734,GO:0030168
P00734,GO:0030193
P00734,GO:0030194
P00734,GO:0030195
P00734,GO:0031012
P00734,GO:0032967
P00734,GO:0042730
P00734,GO:0045861
P00734,GO:0046427
P00734,GO:0048018
P00734,GO:0048712
P00734,GO:0051281
P00734,GO:0051480
P00734,GO:0051838
P00734,GO:0051918
P00734,GO:0061844
P00734,GO:0070053
P00734,GO:0070062
P00734,GO:0070493
P00734,GO:0070945
P00734,GO:0072562
P00734,GO:1900016
P00734,GO:1900182
P00734,GO:1900738
P00734,GO:2000379
P00797,GO:0001822
P00797,GO:0001823
P00797,GO:0002003
P00797,GO:0004190
P00797,GO:0005102
P00797,GO:0005159
P00797,GO:0005576
P00797,GO:0005615
P00797,GO:0005886
P00797,GO:0006508
P00797,GO:0008217
P00797,GO:0008233
P00797,GO:0008584
P00797,GO:0032496
P00797,GO:0035902
P00797,GO:0043408
P00797,GO:0045177
P00797,GO:0051591
P00797,GO:0070305
P00797,GO:0071466
P00797,GO:0072051
P01106,GO:0000082
P01106,GO:0000122
P01106,GO:0000165
P01106,GO:0000785
P01106,GO:0000791
P01106,GO:0000978
P01106,GO:0000981
P01106,GO:0001046
P01106,GO:0001221
P01106,GO:0001227
P01106,GO:0001228
P01106,GO:0001658
P01106,GO:0001866
P01106,GO:0002053
P01106,GO:0003677
P01106,GO:0005634
P01106,GO:0005654
P01106,GO:0005730
P01106,GO:0005819
P01106,GO:0006338
P01106,GO:0006351
P01106,GO:0006357
P01106,GO:0006879
P01106,GO:0006974
P01106,GO:0008284
P01106,GO:0009410
P01106,GO:0010468
P01106,GO:0010564
P01106,GO:0010628
P01106,GO:0016072
P01106,GO:0016604
P01106,GO:0030424
P01106,GO:0031625
P01106,GO:0032204
P01106,GO:0032206
P01106,GO:0032873
P01106,GO:0032986
P01106,GO:0032991
P01106,GO:0034644
P01106,GO:0042802
P01106,GO:0043066
P01106,GO:0044027
P01106,GO:0044346
P01106,GO:0044877
P01106,GO:0045656
P01106,GO:0045893
P01106,GO:0045944
P01106,GO:0046983
P01106,GO:0048146
P01106,GO:0048147
P01106,GO:0048471
P01106,GO:0050679
P01106,GO:0051276
P01106,GO:0051782
P01106,GO:0060261
P01106,GO:0060633
P01106,GO:0070371
P01106,GO:0070848
P01106,GO:0070888
P01106,GO:0071456
P01106,GO:0071466
P01106,GO:0090096
P01106,GO:0140297
P01106,GO:0140537
P01106,GO:1902255
P01106,GO:1902895
P01106,GO:1904672
P01106,GO:1905761
P01137,GO:0001570
P01137,GO:0001657
P01137,GO:0001763
P01137,GO:0001837
P01137,GO:0001843
P01137,GO:0002040
P01137,GO:0002062
P01137,GO:0002244
P01137,GO:0002248
P01137,GO:0002460
P01137,GO:0002859
P01137,GO:0003179
P01137,GO:0003180
P01137,GO:0005114
P01137,GO:0005125
P01137,GO:0005576
P01137,GO:0005615
P01137,GO:0005634
P01137,GO:0005737
P01137,GO:0005796
P01137,GO:0005886
P01137,GO:0006611
P01137,GO:0006754
P01137,GO:0006796
P01137,GO:0007179
P01137,GO:0007406
P01137,GO:0007435
P01137,GO:0007507
P01137,GO:0007565
P01137,GO:0008083
P01137,GO:0008284
P01137,GO:0008285
P01137,GO:0009410
P01137,GO:0009611
P01137,GO:0009986
P01137,GO:0010332
P01137,GO:0010575
P01137,GO:0010628
P01137,GO:0010629
P01137,GO:0010716
P01137,GO:0010718
P01137,GO:0010742
P01137,GO:0010763
P01137,GO:0010936
P01137,GO:0014003
P01137,GO:0014008
P01137,GO:0016202
P01137,GO:0019899
P01137,GO:0021915
P01137,GO:0030154
P01137,GO:0030214
P01137,GO:0030308
P01137,GO:0030334
P01137,GO:0030335
P01137,GO:0030424
P01137,GO:0031012
P01137,GO:0031093
P01137,GO:0031293
P01137,GO:0031334
P01137,GO:0031536
P01137,GO:0032355
P01137,GO:0032570
P01137,GO:0032667
P01137,GO:0032700
P01137,GO:0032740
P01137,GO:0032755
P01137,GO:0032760
P01137,GO:0032801
P01137,GO:0032930
P01137,GO:0032967
P01137,GO:0033280
P01137,GO:0034616
P01137,GO:0034713
P01137,GO:0034714
P01137,GO:0035902
P01137,GO:0036120
P01137,GO:0036446
P01137,GO:0042127
P01137,GO:0042306
P01137,GO:0042307
P01137,GO:0042475
P01137,GO:0042552
P01137,GO:0042802
P01137,GO:0043025
P01137,GO:0043117
P01137,GO:0043123
P01137,GO:0043410
P01137,GO:0043536
P01137,GO:0043537
P01137,GO:0043539
P01137,GO:0044877
P01137,GO:0045066
P01137,GO:0045216
P01137,GO:0045471
P01137,GO:0045591
P01137,GO:0045596
P01137,GO:0045599
P01137,GO:0045662
P01137,GO:0045742
P01137,GO:0045786
P01137,GO:0045892
P01137,GO:0045893
P01137,GO:0045944
P01137,GO:0048298
P01137,GO:0048535
P01137,GO:0048565
P01137,GO:0048642
P01137,GO:0048661
P01137,GO:0048839
P01137,GO:0050679
P01137,GO:0050680
P01137,GO:0050714
P01137,GO:0050729
P01137,GO:0050765
P01137,GO:0050832
P01137,GO:0050921
P01137,GO:0051247
P01137,GO:0051280
P01137,GO:0051781
P01137,GO:0051897
P01137,GO:0055010
P01137,GO:0060312
P01137,GO:0060325
P01137,GO:0060364
P01137,GO:0060391
P01137,GO:0070168
P01137,GO:0070374
P01137,GO:0070723
P01137,GO:0071260
P01137,GO:0071333
P01137,GO:0071404
P01137,GO:0071456
P01137,GO:0071479
P01137,GO:0071549
P01137,GO:0071560
P01137,GO:0071677
P01137,GO:0071895
P01137,GO:0072562
P01137,GO:0085029
P01137,GO:0090190
P01137,GO:0090263
P01137,GO:0097191
P01137,GO:0097421
P01137,GO:0098586
P01137,GO:0099126
P01137,GO:1900126
P01137,GO:1900182
P01137,GO:1901203
P01137,GO:1902074
P01137,GO:1902462
P01137,GO:1902894
P01137,GO:1902895
P01137,GO:1903077
P01137,GO:1904018
P01137,GO:1904894
P01137,GO:1905641
P01137,GO:1990314
P01137,GO:1990402
P01137,GO:2000048
P01137,GO:2000343
P01137,GO:2000353
P01137,GO:2000636
P01137,GO:2000727
P05091,GO:0004029
P05091,GO:0004030
P05091,GO:0005739
P05091,GO:0005759
P05091,GO:0005975
P05091,GO:0006066
P05091,GO:0006067
P05091,GO:0006068
P05091,GO:0008957
P05091,GO:0009055
P05091,GO:0018937
P05091,GO:0046185
P05091,GO:0051287
P05091,GO:0070062
P05091,GO:0106435
P05091,GO:0110095
P05091,GO:1903179
P05091,GO:1905627
P05181,GO:0001676
P05181,GO:0002933
P05181,GO:0004497
P05181,GO:0005506
P05181,GO:0005737
P05181,GO:0005743
P05181,GO:0005789
P05181,GO:0006805
P05181,GO:0008202
P05181,GO:0008392
P05181,GO:0016098
P05181,GO:0016491
P05181,GO:0016709
P05181,GO:0016712
P05181,GO:0018601
P05181,GO:0018885
P05181,GO:0018910
P05181,GO:0018960
P05181,GO:0019373
P05181,GO:0019825
P05181,GO:0019899
P05181,GO:0020037
P05181,GO:0030544
P05181,GO:0042197
P05181,GO:0042759
P05181,GO:0051879
P05181,GO:0120319
P05106,GO:0001618
P05106,GO:0001938
P05106,GO:0001968
P05106,GO:0002020
P05106,GO:0003756
P05106,GO:0005080
P05106,GO:0005161
P05106,GO:0005178
P05106,GO:0005634
P05106,GO:0005886
P05106,GO:0005911
P05106,GO:0005925
P05106,GO:0007155
P05106,GO:0007160
P05106,GO:0007229
P05106,GO:0007566
P05106,GO:0007596
P05106,GO:0008305
P05106,GO:0009897
P05106,GO:0009986
P05106,GO:0010595
P05106,GO:0010628
P05106,GO:0010745
P05106,GO:0010763
P05106,GO:0010888
P05106,GO:0010989
P05106,GO:0014823
P05106,GO:0014909
P05106,GO:0014911
P05106,GO:0015026
P05106,GO:0016324
P05106,GO:0016477
P05106,GO:0019899
P05106,GO:0030168
P05106,GO:0030949
P05106,GO:0031092
P05106,GO:0031258
P05106,GO:0031527
P05106,GO:0031528
P05106,GO:0031589
P05106,GO:0032369
P05106,GO:0032587
P05106,GO:0032880
P05106,GO:0032956
P05106,GO:0032991
P05106,GO:0033627
P05106,GO:0033630
P05106,GO:0033631
P05106,GO:0033690
P05106,GO:0034113
P05106,GO:0034446
P05106,GO:0034683
P05106,GO:0035295
P05106,GO:0035313
P05106,GO:0035866
P05106,GO:0035867
P05106,GO:0035868
P05106,GO:0036119
P05106,GO:0038027
P05106,GO:0042060
P05106,GO:0042470
P05106,GO:0042802
P05106,GO:0043184
P05106,GO:0043235
P05106,GO:0043277
P05106,GO:0045124
P05106,GO:0045202
P05106,GO:0045211
P05106,GO:0045766
P05106,GO:0045780
P05106,GO:0046718
P05106,GO:0046872
P05106,GO:0048333
P05106,GO:0048661
P05106,GO:0050748
P05106,GO:0050839
P05106,GO:0050840
P05106,GO:0050919
P05106,GO:0051279
P05106,GO:0051611
P05106,GO:0060055
P05106,GO:0070051
P05106,GO:0070062
P05106,GO:0070374
P05106,GO:0070442
P05106,GO:0070527
P05106,GO:0071062
P05106,GO:0071133
P05106,GO:0071260
P05106,GO:0071466
P05106,GO:0072126
P05106,GO:0098690
P05106,GO:0098880
P05106,GO:0098978
P05106,GO:0099149
P05106,GO:0150054
P05106,GO:1900731
P05106,GO:1900748
P05106,GO:1990314
P05106,GO:2000352
P05106,GO:2000406
P08253,GO:0001525
P08253,GO:0001541
P08253,GO:0001542
P08253,GO:0001553
P08253,GO:0001666
P08253,GO:0001968
P08253,GO:0004175
P08253,GO:0004222
P08253,GO:0004252
P08253,GO:0005576
P08253,GO:0005615
P08253,GO:0005634
P08253,GO:0005739
P08253,GO:0005886
P08253,GO:0006508
P08253,GO:0007162
P08253,GO:0007507
P08253,GO:0007567
P08253,GO:0008237
P08253,GO:0008270
P08253,GO:0009410
P08253,GO:0009612
P08253,GO:0014012
P08253,GO:0014823
P08253,GO:0016477
P08253,GO:0022617
P08253,GO:0030017
P08253,GO:0030163
P08253,GO:0030198
P08253,GO:0030335
P08253,GO:0030574
P08253,GO:0031012
P08253,GO:0032526
P08253,GO:0035094
P08253,GO:0035987
P08253,GO:0042542
P08253,GO:0043627
P08253,GO:0045906
P08253,GO:0048013
P08253,GO:0048246
P08253,GO:0048771
P08253,GO:0051602
P08253,GO:0055093
P08253,GO:0060740
P08253,GO:0061450
P08253,GO:0071347
P08253,GO:0071392
P08253,GO:0071492
P08253,GO:0071498
P08253,GO:1903378
P08253,GO:1904645
P08253,GO:1904707
P06401,GO:0000785
P06401,GO:0000978
P06401,GO:0000981
P06401,GO:0001223
P06401,GO:0001228
P06401,GO:0003677
P06401,GO:0003707
P06401,GO:0004879
P06401,GO:0005102
P06401,GO:0005496
P06401,GO:0005634
P06401,GO:0005654
P06401,GO:0005741
P06401,GO:0005829
P06401,GO:0005886
P06401,GO:0006351
P06401,GO:0006355
P06401,GO:0006357
P06401,GO:0007165
P06401,GO:0007267
P06401,GO:0008270
P06401,GO:0010628
P06401,GO:0010629
P06401,GO:0019899
P06401,GO:0030518
P06401,GO:0034056
P06401,GO:0042326
P06401,GO:0042802
P06401,GO:0045944
P06401,GO:0050847
P06401,GO:0051117
P06401,GO:0051457
P00533,GO:0000139
P00533,GO:0001503
P00533,GO:0001618
P00533,GO:0001934
P00533,GO:0003682
P00533,GO:0003690
P00533,GO:0004709
P00533,GO:0004713
P00533,GO:0004714
P00533,GO:0004888
P00533,GO:0005006
P00533,GO:0005524
P00533,GO:0005615
P00533,GO:0005634
P00533,GO:0005737
P00533,GO:0005768
P00533,GO:0005789
P00533,GO:0005794
P00533,GO:0005886
P00533,GO:0005925
P00533,GO:0007165
P00533,GO:0007166
P00533,GO:0007173
P00533,GO:0007611
P00533,GO:0008284
P00533,GO:0009925
P00533,GO:0009986
P00533,GO:0010008
P00533,GO:0016020
P00533,GO:0016323
P00533,GO:0019899
P00533,GO:0019900
P00533,GO:0019903
P00533,GO:0030054
P00533,GO:0030182
P00533,GO:0030296
P00533,GO:0030307
P00533,GO:0030335
P00533,GO:0030669
P00533,GO:0031625
P00533,GO:0031901
P00533,GO:0031965
P00533,GO:0032587
P00533,GO:0032991
P00533,GO:0033138
P00533,GO:0038134
P00533,GO:0042059
P00533,GO:0042177
P00533,GO:0042327
P00533,GO:0042802
P00533,GO:0043066
P00533,GO:0043235
P00533,GO:0043410
P00533,GO:0043491
P00533,GO:0045121
P00533,GO:0045296
P00533,GO:0045739
P00533,GO:0045740
P00533,GO:0045944
P00533,GO:0048146
P00533,GO:0048408
P00533,GO:0048471
P00533,GO:0050679
P00533,GO:0050730
P00533,GO:0051015
P00533,GO:0051117
P00533,GO:0051205
P00533,GO:0051897
P00533,GO:0070141
P00533,GO:0070374
P00533,GO:0070435
P00533,GO:0071230
P00533,GO:0071364
P00533,GO:0071392
P00533,GO:0090037
P00533,GO:0090263
P00533,GO:0097489
P00533,GO:0097708
P00533,GO:0098609
P00533,GO:1900087
P00533,GO:1902895
P00533,GO:1903078
P00533,GO:1905208
P03372,GO:0000122
P03372,GO:0000785
P03372,GO:0000791
P03372,GO:0000978
P03372,GO:0000981
P03372,GO:0001093
P03372,GO:0001221
P03372,GO:0001222
P03372,GO:0001223
P03372,GO:0001228
P03372,GO:0003682
P03372,GO:0003700
P03372,GO:0004879
P03372,GO:0005496
P03372,GO:0005516
P03372,GO:0005634
P03372,GO:0005654
P03372,GO:0005737
P03372,GO:0005794
P03372,GO:0005829
P03372,GO:0005886
P03372,GO:0006338
P03372,GO:0006355
P03372,GO:0006357
P03372,GO:0007165
P03372,GO:0007200
P03372,GO:0007204
P03372,GO:0008013
P03372,GO:0008270
P03372,GO:0010629
P03372,GO:0016020
P03372,GO:0017025
P03372,GO:0019899
P03372,GO:0019901
P03372,GO:0030235
P03372,GO:0030284
P03372,GO:0030331
P03372,GO:0030518
P03372,GO:0030520
P03372,GO:0032355
P03372,GO:0032991
P03372,GO:0034056
P03372,GO:0034392
P03372,GO:0042802
P03372,GO:0043124
P03372,GO:0043401
P03372,GO:0043627
P03372,GO:0045429
P03372,GO:0045893
P03372,GO:0045944
P03372,GO:0048863
P03372,GO:0051000
P03372,GO:0051117
P03372,GO:0051123
P03372,GO:0071168
P03372,GO:0071391
P03372,GO:0071392
P03372,GO:0071889
P03372,GO:1902894
P03372,GO:1990837
P04035,GO:0004420
P04035,GO:0005778
P04035,GO:0005783
P04035,GO:0005789
P04035,GO:0006695
P04035,GO:0008299
P04035,GO:0010142
P04035,GO:0015936
P04035,GO:0016126
P04035,GO:0019287
P04035,GO:0030695
P04035,GO:0033386
P04035,GO:0033489
P04035,GO:0033490
P04035,GO:0036197
P04035,GO:0042177
P04035,GO:0050709
P04035,GO:0070402
P04035,GO:0098554
P04035,GO:0120225
P04035,GO:1900222
P06133,GO:0005789
P06133,GO:0006805
P06133,GO:0008210
P06133,GO:0015020
P04637,GO:0000122
P04637,GO:0000785
P04637,GO:0000976
P04637,GO:0000978
P04637,GO:0000981
P04637,GO:0000987
P04637,GO:0001046
P04637,GO:0001094
P04637,GO:0001223
P04637,GO:0001227
P04637,GO:0001228
P04637,GO:0002020
P04637,GO:0002039
P04637,GO:0002244
P04637,GO:0003677
P04637,GO:0003682
P04637,GO:0003700
P04637,GO:0003730
P04637,GO:0005507
P04637,GO:0005634
P04637,GO:0005654
P04637,GO:0005667
P04637,GO:0005730
P04637,GO:0005737
P04637,GO:0005739
P04637,GO:0005759
P04637,GO:0005783
P04637,GO:0005813
P04637,GO:0005829
P04637,GO:0006289
P04637,GO:0006355
P04637,GO:0006357
P04637,GO:0006914
P04637,GO:0006974
P04637,GO:0006983
P04637,GO:0007265
P04637,GO:0008104
P04637,GO:0008270
P04637,GO:0008285
P04637,GO:0008340
P04637,GO:0009299
P04637,GO:0010332
P04637,GO:0010628
P04637,GO:0016032
P04637,GO:0016363
P04637,GO:0016605
P04637,GO:0019899
P04637,GO:0030308
P04637,GO:0030330
P04637,GO:0030971
P04637,GO:0031571
P04637,GO:0031625
P04637,GO:0032211
P04637,GO:0032991
P04637,GO:0033209
P04637,GO:0034644
P04637,GO:0036310
P04637,GO:0042149
P04637,GO:0042771
P04637,GO:0042802
P04637,GO:0042826
P04637,GO:0042981
P04637,GO:0043065
P04637,GO:0043066
P04637,GO:0043153
P04637,GO:0045815
P04637,GO:0045892
P04637,GO:0045893
P04637,GO:0045899
P04637,GO:0045944
P04637,GO:0046677
P04637,GO:0046982
P04637,GO:0048147
P04637,GO:0048512
P04637,GO:0048539
P04637,GO:0051087
P04637,GO:0051097
P04637,GO:0051262
P04637,GO:0051721
P04637,GO:0051726
P04637,GO:0060218
P04637,GO:0060333
P04637,GO:0061629
P04637,GO:0062100
P04637,GO:0065003
P04637,GO:0070059
P04637,GO:0070245
P04637,GO:0071456
P04637,GO:0071466
P04637,GO:0071479
P04637,GO:0071480
P04637,GO:0071889
P04637,GO:0072331
P04637,GO:0072332
P04637,GO:0072717
P04637,GO:0090200
P04637,GO:0090398
P04637,GO:0090399
P04637,GO:0090403
P04637,GO:0097193
P04637,GO:0097252
P04637,GO:0097371
P04637,GO:0097718
P04637,GO:0140296
P04637,GO:0140677
P04637,GO:0140693
P04637,GO:1900119
P04637,GO:1902749
P04637,GO:1902895
P04637,GO:1903451
P04637,GO:1905856
P04637,GO:1990841
P04637,GO:2000379
P04637,GO:2000774
P04637,GO:2001244
P04150,GO:0000122
P04150,GO:0000785
P04150,GO:0000977
P04150,GO:0000978
P04150,GO:0000981
P04150,GO:0001046
P04150,GO:0001227
P04150,GO:0001228
P04150,GO:0003700
P04150,GO:0003723
P04150,GO:0004879
P04150,GO:0004883
P04150,GO:0005496
P04150,GO:0005634
P04150,GO:0005654
P04150,GO:0005737
P04150,GO:0005739
P04150,GO:0005759
P04150,GO:0005813
P04150,GO:0005819
P04150,GO:0005829
P04150,GO:0006325
P04150,GO:0006351
P04150,GO:0006355
P04150,GO:0006357
P04150,GO:0006915
P04150,GO:0007059
P04150,GO:0007165
P04150,GO:0008270
P04150,GO:0014004
P04150,GO:0016020
P04150,GO:0016607
P04150,GO:0017025
P04150,GO:0019901
P04150,GO:0030518
P04150,GO:0032991
P04150,GO:0034056
P04150,GO:0035249
P04150,GO:0042802
P04150,GO:0045202
P04150,GO:0045892
P04150,GO:0045944
P04150,GO:0048708
P04150,GO:0051301
P04150,GO:0051879
P04150,GO:0061744
P04150,GO:0071383
P04150,GO:0071385
P04150,GO:0071549
P04150,GO:0071560
P04150,GO:0150076
P04150,GO:1902895
P04150,GO:1990239
P04150,GO:1990837
P04150,GO:1990841
O43497,GO:0003163
O43497,GO:0005245
O43497,GO:0005737
O43497,GO:0005886
O43497,GO:0005891
O43497,GO:0008331
O43497,GO:0008332
O43497,GO:0042391
O43497,GO:0070509
O43497,GO:0070588
O43497,GO:0086002
O43497,GO:0086015
O43497,GO:0086016
O43497,GO:0086018
O43497,GO:0086027
O43497,GO:0086045
O43497,GO:0086046
O43497,GO:0086056
O43497,GO:0086059
O43497,GO:0086091
O43497,GO:0097110
O43497,GO:0098703
P08620,GO:0005104
P08620,GO:0005576
P08620,GO:0005615
P08620,GO:0005737
P08620,GO:0007165
P08620,GO:0007267
P08620,GO:0008083
P08620,GO:0008201
P08620,GO:0008284
P08620,GO:0008543
P08620,GO:0010463
P08620,GO:0022008
P08620,GO:0030334
P08620,GO:0043410
P08620,GO:0051781
P08620,GO:0060591
P08620,GO:0070374
P08620,GO:2000544
P09038,GO:0001658
P09038,GO:0001938
P09038,GO:0002042
P09038,GO:0005104
P09038,GO:0005125
P09038,GO:0005178
P09038,GO:0005576
P09038,GO:0005615
P09038,GO:0005634
P09038,GO:0005654
P09038,GO:0005737
P09038,GO:0006935
P09038,GO:0007165
P09038,GO:0007265
P09038,GO:0007399
P09038,GO:0008083
P09038,GO:0008201
P09038,GO:0008284
P09038,GO:0008543
P09038,GO:0009792
P09038,GO:0009887
P09038,GO:0010595
P09038,GO:0010629
P09038,GO:0010764
P09038,GO:0014843
P09038,GO:0016604
P09038,GO:0019956
P09038,GO:0022008
P09038,GO:0030214
P09038,GO:0030334
P09038,GO:0038001
P09038,GO:0040037
P09038,GO:0042056
P09038,GO:0042060
P09038,GO:0042660
P09038,GO:0042802
P09038,GO:0043406
P09038,GO:0043410
P09038,GO:0043536
P09038,GO:0043537
P09038,GO:0045765
P09038,GO:0045766
P09038,GO:0045944
P09038,GO:0048149
P09038,GO:0048598
P09038,GO:0048864
P09038,GO:0051209
P09038,GO:0051781
P09038,GO:0051897
P09038,GO:0060045
P09038,GO:0060591
P09038,GO:0060978
P09038,GO:0061045
P09038,GO:0062072
P09038,GO:0070374
P09038,GO:0071260
P09038,GO:0072089
P09038,GO:0090049
P09038,GO:0090050
P09038,GO:0090722
P09038,GO:1902748
P09038,GO:1902895
P09038,GO:1903377
P09038,GO:1903587
P09038,GO:1903672
P09038,GO:1904567
P09038,GO:1904707
P09038,GO:1905278
P09038,GO:1905555
P09038,GO:1905564
P09038,GO:2000544
P09038,GO:2000546
P09038,GO:2000573
P09038,GO:2001028
P10632,GO:0002933
P10632,GO:0004497
P10632,GO:0005506
P10632,GO:0005737
P10632,GO:0005789
P10632,GO:0006082
P10632,GO:0006805
P10632,GO:0008202
P10632,GO:0008210
P10632,GO:0008392
P10632,GO:0008401
P10632,GO:0016712
P10632,GO:0019373
P10632,GO:0020037
P10632,GO:0034875
P10632,GO:0042178
P10632,GO:0042572
P10632,GO:0042573
P10632,GO:0042759
P10632,GO:0046456
P10632,GO:0070989
P10632,GO:0097267
P10632,GO:0101020
P12004,GO:0000307
P12004,GO:0000701
P12004,GO:0000781
P12004,GO:0000785
P12004,GO:0003682
P12004,GO:0003684
P12004,GO:0005634
P12004,GO:0005652
P12004,GO:0005654
P12004,GO:0005657
P12004,GO:0005813
P12004,GO:0006272
P12004,GO:0006298
P12004,GO:0006325
P12004,GO:0007507
P12004,GO:0019899
P12004,GO:0019985
P12004,GO:0030331
P12004,GO:0030337
P12004,GO:0030855
P12004,GO:0030894
P12004,GO:0030971
P12004,GO:0031297
P12004,GO:0032139
P12004,GO:0032355
P12004,GO:0032405
P12004,GO:0034644
P12004,GO:0035035
P12004,GO:0042802
P12004,GO:0043596
P12004,GO:0043626
P12004,GO:0044849
P12004,GO:0044877
P12004,GO:0045739
P12004,GO:0045740
P12004,GO:0046686
P12004,GO:0070062
P12004,GO:0070182
P12004,GO:0070301
P12004,GO:0070557
P12004,GO:0071548
P12004,GO:0097421
P12004,GO:0140861
P12004,GO:1902065
P12004,GO:1902969
P12004,GO:1902990
P17405,GO:0001778
P17405,GO:0004767
P17405,GO:0005615
P17405,GO:0005764
P17405,GO:0005768
P17405,GO:0005811
P17405,GO:0005886
P17405,GO:0006684
P17405,GO:0006685
P17405,GO:0007165
P17405,GO:0007399
P17405,GO:0008270
P17405,GO:0009410
P17405,GO:0009615
P17405,GO:0010212
P17405,GO:0016798
P17405,GO:0023021
P17405,GO:0034340
P17405,GO:0034480
P17405,GO:0034612
P17405,GO:0034644
P17405,GO:0036019
P17405,GO:0042060
P17405,GO:0042220
P17405,GO:0042599
P17405,GO:0043065
P17405,GO:0043202
P17405,GO:0043409
P17405,GO:0045807
P17405,GO:0046479
P17405,GO:0046513
P17405,GO:0046598
P17405,GO:0046718
P17405,GO:0061750
P17405,GO:0070062
P17405,GO:0070555
P17405,GO:0071277
P19099,GO:0002017
P19099,GO:0003091
P19099,GO:0004507
P19099,GO:0005506
P19099,GO:0005739
P19099,GO:0005743
P19099,GO:0006700
P19099,GO:0006704
P19099,GO:0006705
P19099,GO:0008203
P19099,GO:0008395
P19099,GO:0016125
P19099,GO:0020037
P19099,GO:0032342
P19099,GO:0032870
P19099,GO:0034650
P19099,GO:0034651
P19099,GO:0035865
P19099,GO:0047783
P19099,GO:0055075
P19099,GO:0055078
P19099,GO:0071375
P20815,GO:0002933
P20815,GO:0004497
P20815,GO:0005506
P20815,GO:0005789
P20815,GO:0006805
P20815,GO:0008202
P20815,GO:0008210
P20815,GO:0008401
P20815,GO:0009822
P20815,GO:0016491
P20815,GO:0019825
P20815,GO:0020037
P20815,GO:0042178
P20815,GO:0042572
P20815,GO:0042573
P20815,GO:0043231
P20815,GO:0046222
P20815,GO:0050649
P20815,GO:0070989
P20815,GO:0101020
P20815,GO:0101021
P08908,GO:0001586
P08908,GO:0001662
P08908,GO:0004993
P08908,GO:0005886
P08908,GO:0007186
P08908,GO:0007187
P08908,GO:0007198
P08908,GO:0007210
P08908,GO:0007268
P08908,GO:0008284
P08908,GO:0014062
P08908,GO:0019229
P08908,GO:0030425
P08908,GO:0030594
P08908,GO:0035640
P08908,GO:0042053
P08908,GO:0042428
P08908,GO:0045202
P08908,GO:0046883
P08908,GO:0050795
P08908,GO:0051378
P08908,GO:0090722
P08908,GO:0099589
P10253,GO:0000023
P10253,GO:0002086
P10253,GO:0004558
P10253,GO:0005764
P10253,GO:0005765
P10253,GO:0005886
P10253,GO:0005980
P10253,GO:0005985
P10253,GO:0006006
P10253,GO:0007040
P10253,GO:0016020
P10253,GO:0030246
P10253,GO:0035577
P10253,GO:0043202
P10253,GO:0043896
P10253,GO:0061723
P10253,GO:0070062
P10253,GO:0070821
P10253,GO:0090599
P10253,GO:0101003
P10253,GO:0120282
P18089,GO:0003056
P18089,GO:0004938
P18089,GO:0005886
P18089,GO:0007173
P18089,GO:0007186
P18089,GO:0007193
P18089,GO:0007267
P18089,GO:0007565
P18089,GO:0009986
P18089,GO:0010700
P18089,GO:0030168
P18089,GO:0032811
P18089,GO:0043410
P18089,GO:0045666
P18089,GO:0045777
P18089,GO:0051379
P18089,GO:0051897
P18089,GO:0070474
P18089,GO:0071875
P18089,GO:0071881
P21397,GO:0005739
P21397,GO:0005741
P21397,GO:0006576
P21397,GO:0008131
P21397,GO:0019607
P21397,GO:0042420
P21397,GO:0042428
P21397,GO:0042429
P21397,GO:0097621
P08684,GO:0002933
P08684,GO:0004497
P08684,GO:0005496
P08684,GO:0005506
P08684,GO:0005737
P08684,GO:0005789
P08684,GO:0006629
P08684,GO:0006706
P08684,GO:0006805
P08684,GO:0008202
P08684,GO:0008203
P08684,GO:0008209
P08684,GO:0008210
P08684,GO:0008395
P08684,GO:0008401
P08684,GO:0009822
P08684,GO:0016098
P08684,GO:0016491
P08684,GO:0019825
P08684,GO:0019899
P08684,GO:0020037
P08684,GO:0030343
P08684,GO:0034875
P08684,GO:0042178
P08684,GO:0042359
P08684,GO:0042369
P08684,GO:0042572
P08684,GO:0042573
P08684,GO:0042759
P08684,GO:0043231
P08684,GO:0046222
P08684,GO:0050591
P08684,GO:0050649
P08684,GO:0062181
P08684,GO:0062187
P08684,GO:0062188
P08684,GO:0062189
P08684,GO:0070576
P08684,GO:0070989
P08684,GO:0101020
P08684,GO:0101021
P08684,GO:0102320
P11245,GO:0004060
P11245,GO:0005829
P11245,GO:0006805
P11245,GO:0019707
P11245,GO:0046990
P14416,GO:0000139
P14416,GO:0001591
P14416,GO:0001659
P14416,GO:0001666
P14416,GO:0001669
P14416,GO:0001965
P14416,GO:0001975
P14416,GO:0001976
P14416,GO:0002027
P14416,GO:0002028
P14416,GO:0002031
P14416,GO:0002052
P14416,GO:0002092
P14416,GO:0004930
P14416,GO:0005886
P14416,GO:0005929
P14416,GO:0006874
P14416,GO:0006914
P14416,GO:0007195
P14416,GO:0007200
P14416,GO:0007270
P14416,GO:0007409
P14416,GO:0007416
P14416,GO:0007608
P14416,GO:0007616
P14416,GO:0007626
P14416,GO:0007628
P14416,GO:0008104
P14416,GO:0008285
P14416,GO:0008306
P14416,GO:0008542
P14416,GO:0009410
P14416,GO:0009416
P14416,GO:0009636
P14416,GO:0010039
P14416,GO:0014059
P14416,GO:0014854
P14416,GO:0015459
P14416,GO:0016055
P14416,GO:0016328
P14416,GO:0021756
P14416,GO:0021769
P14416,GO:0021853
P14416,GO:0021984
P14416,GO:0030139
P14416,GO:0030336
P14416,GO:0030424
P14416,GO:0030425
P14416,GO:0030432
P14416,GO:0030672
P14416,GO:0031223
P14416,GO:0032228
P14416,GO:0032355
P14416,GO:0032467
P14416,GO:0032795
P14416,GO:0032922
P14416,GO:0033602
P14416,GO:0034776
P14416,GO:0035094
P14416,GO:0035240
P14416,GO:0035255
P14416,GO:0035305
P14416,GO:0035556
P14416,GO:0036126
P14416,GO:0042220
P14416,GO:0042321
P14416,GO:0042417
P14416,GO:0042734
P14416,GO:0042756
P14416,GO:0042802
P14416,GO:0043197
P14416,GO:0043204
P14416,GO:0043266
P14416,GO:0043278
P14416,GO:0043679
P14416,GO:0045202
P14416,GO:0045211
P14416,GO:0045745
P14416,GO:0045776
P14416,GO:0045824
P14416,GO:0045944
P14416,GO:0046676
P14416,GO:0046717
P14416,GO:0048148
P14416,GO:0048149
P14416,GO:0048169
P14416,GO:0048678
P14416,GO:0048755
P14416,GO:0050482
P14416,GO:0050709
P14416,GO:0051209
P14416,GO:0051481
P14416,GO:0051584
P14416,GO:0051586
P14416,GO:0051823
P14416,GO:0051898
P14416,GO:0051967
P14416,GO:0060079
P14416,GO:0060124
P14416,GO:0060134
P14416,GO:0060158
P14416,GO:0060160
P14416,GO:0060170
P14416,GO:0070374
P14416,GO:0071300
P14416,GO:0071361
P14416,GO:0090325
P14416,GO:0097648
P14416,GO:0097730
P14416,GO:0098691
P14416,GO:0098978
P14416,GO:0098982
P14416,GO:0099170
P14416,GO:0099171
P14416,GO:0160213
P14416,GO:1900038
P14416,GO:1900168
P14416,GO:1900273
P14416,GO:1990384
P14780,GO:0001934
P14780,GO:0004175
P14780,GO:0004222
P14780,GO:0004252
P14780,GO:0005518
P14780,GO:0005576
P14780,GO:0005615
P14780,GO:0006508
P14780,GO:0008233
P14780,GO:0008237
P14780,GO:0008270
P14780,GO:0016477
P14780,GO:0022617
P14780,GO:0030198
P14780,GO:0030225
P14780,GO:0030574
P14780,GO:0031012
P14780,GO:0035987
P14780,GO:0042802
P14780,GO:0043066
P14780,GO:0043388
P14780,GO:0045742
P14780,GO:0048013
P14780,GO:0051549
P14780,GO:0070062
P14780,GO:0071222
P14780,GO:0071492
P14780,GO:0090200
P14780,GO:0150077
P14780,GO:1904063
P14780,GO:1904645
P14780,GO:1904707
P14780,GO:1904724
P14780,GO:1904813
P14780,GO:2000697
P14780,GO:2001243
P15538,GO:0004507
P15538,GO:0005506
P15538,GO:0005739
P15538,GO:0005743
P15538,GO:0006700
P15538,GO:0006704
P15538,GO:0006955
P15538,GO:0008203
P15538,GO:0008217
P15538,GO:0016125
P15538,GO:0020037
P15538,GO:0032342
P15538,GO:0032870
P15538,GO:0034650
P15538,GO:0034651
P15538,GO:0035865
P15538,GO:0042593
P15538,GO:0047783
P15538,GO:0071375
P16662,GO:0005789
P16662,GO:0006629
P16662,GO:0006805
P16662,GO:0008209
P16662,GO:0008210
P16662,GO:0015020
P16662,GO:0016020
P21695,GO:0005829
P21695,GO:0005975
P21695,GO:0006072
P21695,GO:0042803
P21695,GO:0046168
P21695,GO:0047952
P21695,GO:0051287
P21695,GO:0070062
P21695,GO:0141152
P0DP23,GO:0000922
P0DP23,GO:0002027
P0DP23,GO:0005246
P0DP23,GO:0005509
P0DP23,GO:0005513
P0DP23,GO:0005576
P0DP23,GO:0005634
P0DP23,GO:0005654
P0DP23,GO:0005737
P0DP23,GO:0005813
P0DP23,GO:0005829
P0DP23,GO:0005876
P0DP23,GO:0005886
P0DP23,GO:0007186
P0DP23,GO:0008076
P0DP23,GO:0010856
P0DP23,GO:0010880
P0DP23,GO:0010881
P0DP23,GO:0016240
P0DP23,GO:0019855
P0DP23,GO:0019901
P0DP23,GO:0021762
P0DP23,GO:0030017
P0DP23,GO:0031432
P0DP23,GO:0031982
P0DP23,GO:0032465
P0DP23,GO:0032991
P0DP23,GO:0034704
P0DP23,GO:0035458
P0DP23,GO:0043209
P0DP23,GO:0043539
P0DP23,GO:0044305
P0DP23,GO:0044325
P0DP23,GO:0046427
P0DP23,GO:0048306
P0DP23,GO:0051592
P0DP23,GO:0055117
P0DP23,GO:0060291
P0DP23,GO:0060314
P0DP23,GO:0060315
P0DP23,GO:0071346
P0DP23,GO:0072542
P0DP23,GO:0097225
P0DP23,GO:0097720
P0DP23,GO:0098901
P0DP23,GO:0099523
P0DP23,GO:0140056
P0DP23,GO:0140238
P0DP23,GO:1901842
P0DP23,GO:1901844
P0DP23,GO:1902494
P0DP23,GO:1905913
P0DP23,GO:1990456
P11021,GO:0005509
P11021,GO:0005524
P11021,GO:0005634
P11021,GO:0005737
P11021,GO:0005739
P11021,GO:0005783
P11021,GO:0005788
P11021,GO:0005789
P11021,GO:0005793
P11021,GO:0005829
P11021,GO:0005886
P11021,GO:0005925
P11021,GO:0009986
P11021,GO:0016020
P11021,GO:0016887
P11021,GO:0019899
P11021,GO:0019904
P11021,GO:0021589
P11021,GO:0021680
P11021,GO:0021762
P11021,GO:0030291
P11021,GO:0030335
P11021,GO:0030496
P11021,GO:0030968
P11021,GO:0031072
P11021,GO:0031204
P11021,GO:0031333
P11021,GO:0031398
P11021,GO:0031625
P11021,GO:0032991
P11021,GO:0034663
P11021,GO:0034975
P11021,GO:0034976
P11021,GO:0035437
P11021,GO:0036498
P11021,GO:0036503
P11021,GO:0042026
P11021,GO:0042149
P11021,GO:0042470
P11021,GO:0043022
P11021,GO:0043066
P11021,GO:0043231
P11021,GO:0044183
P11021,GO:0045296
P11021,GO:0045944
P11021,GO:0051082
P11021,GO:0051087
P11021,GO:0051787
P11021,GO:0060904
P11021,GO:0070062
P11021,GO:0140311
P11021,GO:1903891
P11021,GO:1903894
P11021,GO:1903895
P11021,GO:1903897
P11021,GO:1903898
P11509,GO:0005506
P11509,GO:0005737
P11509,GO:0005789
P11509,GO:0005881
P11509,GO:0006805
P11509,GO:0008202
P11509,GO:0008389
P11509,GO:0008392
P11509,GO:0009804
P11509,GO:0016712
P11509,GO:0019373
P11509,GO:0019899
P11509,GO:0020037
P11509,GO:0042178
P11509,GO:0046226
P13945,GO:0002025
P13945,GO:0003925
P13945,GO:0004939
P13945,GO:0005886
P13945,GO:0005975
P13945,GO:0006091
P13945,GO:0006112
P13945,GO:0007187
P13945,GO:0007188
P13945,GO:0007193
P13945,GO:0015052
P13945,GO:0031699
P13945,GO:0042755
P13945,GO:0042803
P13945,GO:0043235
P13945,GO:0043410
P13945,GO:0045986
P13945,GO:0050996
P13945,GO:0051379
P13945,GO:0051380
P13945,GO:0055118
P13945,GO:0070374
P13945,GO:0071880
P13945,GO:0071881
P13945,GO:0120162
P15121,GO:0001523
P15121,GO:0001758
P15121,GO:0004032
P15121,GO:0005615
P15121,GO:0005654
P15121,GO:0005739
P15121,GO:0005829
P15121,GO:0005975
P15121,GO:0006060
P15121,GO:0006700
P15121,GO:0009055
P15121,GO:0036130
P15121,GO:0043795
P15121,GO:0044597
P15121,GO:0044598
P15121,GO:0046370
P15121,GO:0047655
P15121,GO:0047939
P15121,GO:0047956
P15121,GO:0052650
P15121,GO:0070062
P15121,GO:0071475
P16066,GO:0001653
P16066,GO:0004383
P16066,GO:0004672
P16066,GO:0005524
P16066,GO:0005525
P16066,GO:0005789
P16066,GO:0005886
P16066,GO:0006182
P16066,GO:0007166
P16066,GO:0007168
P16066,GO:0007589
P16066,GO:0008217
P16066,GO:0008528
P16066,GO:0016525
P16066,GO:0016941
P16066,GO:0017046
P16066,GO:0030308
P16066,GO:0031965
P16066,GO:0035556
P16066,GO:0035810
P16066,GO:0035815
P16066,GO:0042417
P16066,GO:0042562
P16066,GO:0043114
P16066,GO:0043235
P16066,GO:0048662
P16066,GO:0097746
P16860,GO:0003085
P16860,GO:0003161
P16860,GO:0005102
P16860,GO:0005179
P16860,GO:0005576
P16860,GO:0005615
P16860,GO:0005737
P16860,GO:0006182
P16860,GO:0006457
P16860,GO:0007166
P16860,GO:0007168
P16860,GO:0007218
P16860,GO:0007589
P16860,GO:0008217
P16860,GO:0008613
P16860,GO:0016525
P16860,GO:0030308
P16860,GO:0032991
P16860,GO:0035810
P16860,GO:0035815
P16860,GO:0042311
P16860,GO:0043114
P16860,GO:0051427
P16860,GO:0097746
P17302,GO:0000132
P17302,GO:0000139
P17302,GO:0003161
P17302,GO:0005243
P17302,GO:0005634
P17302,GO:0005737
P17302,GO:0005739
P17302,GO:0005789
P17302,GO:0005794
P17302,GO:0005886
P17302,GO:0005921
P17302,GO:0005922
P17302,GO:0005925
P17302,GO:0007165
P17302,GO:0007267
P17302,GO:0007283
P17302,GO:0007507
P17302,GO:0008013
P17302,GO:0008104
P17302,GO:0010628
P17302,GO:0010644
P17302,GO:0014047
P17302,GO:0014704
P17302,GO:0015075
P17302,GO:0015562
P17302,GO:0015631
P17302,GO:0016264
P17302,GO:0016324
P17302,GO:0030054
P17302,GO:0030308
P17302,GO:0030660
P17302,GO:0032277
P17302,GO:0034220
P17302,GO:0034634
P17302,GO:0035633
P17302,GO:0042908
P17302,GO:0043014
P17302,GO:0043123
P17302,GO:0044291
P17302,GO:0045087
P17302,GO:0045121
P17302,GO:0046849
P17302,GO:0055077
P17302,GO:0060348
P17302,GO:0070160
P17302,GO:0086014
P17302,GO:0086064
P17302,GO:0086075
P17302,GO:0099111
P17302,GO:0120162
P17302,GO:0140115
P17302,GO:1901164
P17302,GO:1903763
P17302,GO:1904646
P17302,GO:1904707
P17302,GO:1905332
P17302,GO:1905772
P17302,GO:2000648
P18825,GO:0004938
P18825,GO:0005737
P18825,GO:0005768
P18825,GO:0005886
P18825,GO:0006940
P18825,GO:0007173
P18825,GO:0007186
P18825,GO:0007267
P18825,GO:0010700
P18825,GO:0019229
P18825,GO:0030168
P18825,GO:0031694
P18825,GO:0032811
P18825,GO:0042803
P18825,GO:0043410
P18825,GO:0045666
P18825,GO:0046676
P18825,GO:0046982
P18825,GO:0051379
P18825,GO:0051897
P18825,GO:0071875
P18825,GO:0071881
P19793,GO:0000122
P19793,GO:0000785
P19793,GO:0000976
P19793,GO:0000977
P19793,GO:0000978
P19793,GO:0000981
P19793,GO:0001221
P19793,GO:0001972
P19793,GO:0002157
P19793,GO:0003690
P19793,GO:0003700
P19793,GO:0003707
P19793,GO:0003712
P19793,GO:0004879
P19793,GO:0005634
P19793,GO:0005654
P19793,GO:0005739
P19793,GO:0005829
P19793,GO:0007399
P19793,GO:0008270
P19793,GO:0009755
P19793,GO:0010875
P19793,GO:0015721
P19793,GO:0019216
P19793,GO:0019899
P19793,GO:0030154
P19793,GO:0030224
P19793,GO:0030501
P19793,GO:0032526
P19793,GO:0035357
P19793,GO:0042277
P19793,GO:0042789
P19793,GO:0042802
P19793,GO:0042809
P19793,GO:0043235
P19793,GO:0043565
P19793,GO:0044323
P19793,GO:0045834
P19793,GO:0045893
P19793,GO:0045944
P19793,GO:0048384
P19793,GO:0048469
P19793,GO:0050692
P19793,GO:0050693
P19793,GO:0070564
P19793,GO:0071404
P19793,GO:0090575
P19793,GO:0140077
P19793,GO:1990837
P08588,GO:0001996
P08588,GO:0002025
P08588,GO:0004939
P08588,GO:0004940
P08588,GO:0005769
P08588,GO:0005886
P08588,GO:0007189
P08588,GO:0010666
P08588,GO:0030165
P08588,GO:0031694
P08588,GO:0043410
P08588,GO:0045187
P08588,GO:0046982
P08588,GO:0071880
P08588,GO:0098685
P08588,GO:0098992
P08588,GO:0099579
P08588,GO:0120162
P08913,GO:0001819
P08913,GO:0004938
P08913,GO:0005737
P08913,GO:0005886
P08913,GO:0006260
P08913,GO:0007173
P08913,GO:0007186
P08913,GO:0007189
P08913,GO:0007193
P08913,GO:0007265
P08913,GO:0007266
P08913,GO:0007565
P08913,GO:0008284
P08913,GO:0010700
P08913,GO:0016323
P08913,GO:0019229
P08913,GO:0019901
P08913,GO:0030036
P08913,GO:0030168
P08913,GO:0030335
P08913,GO:0031692
P08913,GO:0031696
P08913,GO:0031996
P08913,GO:0032795
P08913,GO:0032811
P08913,GO:0032870
P08913,GO:0042311
P08913,GO:0042593
P08913,GO:0042803
P08913,GO:0043025
P08913,GO:0043235
P08913,GO:0043268
P08913,GO:0043278
P08913,GO:0043410
P08913,GO:0043679
P08913,GO:0045742
P08913,GO:0045955
P08913,GO:0046676
P08913,GO:0048787
P08913,GO:0050892
P08913,GO:0050955
P08913,GO:0050995
P08913,GO:0051044
P08913,GO:0051379
P08913,GO:0051380
P08913,GO:0051897
P08913,GO:0051926
P08913,GO:0061179
P08913,GO:0070473
P08913,GO:0071875
P08913,GO:0071880
P08913,GO:0071881
P08913,GO:0071882
P08913,GO:0090303
P08913,GO:0097305
P08913,GO:0098691
P08913,GO:0098839
P08913,GO:0098978
P08913,GO:0098982
P08913,GO:0099171
P09960,GO:0003723
P09960,GO:0004177
P09960,GO:0004301
P09960,GO:0004463
P09960,GO:0005576
P09960,GO:0005634
P09960,GO:0005829
P09960,GO:0006508
P09960,GO:0006629
P09960,GO:0008233
P09960,GO:0008270
P09960,GO:0010043
P09960,GO:0019370
P09960,GO:0043171
P09960,GO:0043434
P09960,GO:0045148
P09960,GO:0060509
P09960,GO:0070006
P09960,GO:0070062
P09960,GO:1904724
P09960,GO:1904813
P11597,GO:0005548
P11597,GO:0005576
P11597,GO:0005615
P11597,GO:0006641
P11597,GO:0006869
P11597,GO:0008203
P11597,GO:0008289
P11597,GO:0010745
P11597,GO:0010874
P11597,GO:0015485
P11597,GO:0017129
P11597,GO:0030301
P11597,GO:0031210
P11597,GO:0031982
P11597,GO:0032376
P11597,GO:0034197
P11597,GO:0034364
P11597,GO:0034372
P11597,GO:0034374
P11597,GO:0034375
P11597,GO:0042632
P11597,GO:0043691
P11597,GO:0046470
P11597,GO:0055088
P11597,GO:0055091
P11597,GO:0070062
P11597,GO:0070328
P11597,GO:0120020
P11597,GO:2001140
P11712,GO:0004497
P11712,GO:0005506
P11712,GO:0005737
P11712,GO:0005789
P11712,GO:0006805
P11712,GO:0008202
P11712,GO:0008203
P11712,GO:0008210
P11712,GO:0008392
P11712,GO:0008395
P11712,GO:0008404
P11712,GO:0008405
P11712,GO:0016098
P11712,GO:0016491
P11712,GO:0016712
P11712,GO:0018675
P11712,GO:0018676
P11712,GO:0019373
P11712,GO:0019627
P11712,GO:0020037
P11712,GO:0032787
P11712,GO:0034875
P11712,GO:0042178
P11712,GO:0042759
P11712,GO:0043231
P11712,GO:0046456
P11712,GO:0052741
P11712,GO:0070989
P11712,GO:0090346
P11712,GO:0097267
P11712,GO:0101021
P14410,GO:0004558
P14410,GO:0004574
P14410,GO:0004575
P14410,GO:0005794
P14410,GO:0005886
P14410,GO:0005903
P14410,GO:0005987
P14410,GO:0016324
P14410,GO:0030246
P14410,GO:0044245
P14410,GO:0070062
P15144,GO:0001525
P15144,GO:0001618
P15144,GO:0002003
P15144,GO:0004177
P15144,GO:0005615
P15144,GO:0005765
P15144,GO:0005793
P15144,GO:0005886
P15144,GO:0008237
P15144,GO:0008270
P15144,GO:0009897
P15144,GO:0016285
P15144,GO:0030154
P15144,GO:0030667
P15144,GO:0038023
P15144,GO:0043171
P15144,GO:0070006
P15144,GO:0070062
P16109,GO:0001530
P16109,GO:0005178
P16109,GO:0005509
P16109,GO:0005615
P16109,GO:0005886
P16109,GO:0007155
P16109,GO:0007157
P16109,GO:0007159
P16109,GO:0008201
P16109,GO:0009897
P16109,GO:0010572
P16109,GO:0016339
P16109,GO:0031088
P16109,GO:0031092
P16109,GO:0032496
P16109,GO:0033623
P16109,GO:0033691
P16109,GO:0034097
P16109,GO:0038023
P16109,GO:0042806
P16109,GO:0043208
P16109,GO:0048306
P16109,GO:0050829
P16109,GO:0050901
P16109,GO:0051897
P16109,GO:0070492
P16109,GO:0098609
P16109,GO:1903238
P16581,GO:0002092
P16581,GO:0002523
P16581,GO:0004888
P16581,GO:0005615
P16581,GO:0005886
P16581,GO:0005901
P16581,GO:0005905
P16581,GO:0006954
P16581,GO:0007157
P16581,GO:0007159
P16581,GO:0007200
P16581,GO:0009897
P16581,GO:0019722
P16581,GO:0030029
P16581,GO:0030863
P16581,GO:0032496
P16581,GO:0033691
P16581,GO:0034097
P16581,GO:0034612
P16581,GO:0043274
P16581,GO:0045121
P16581,GO:0046872
P16581,GO:0048471
P16581,GO:0050727
P16581,GO:0050901
P16581,GO:0070492
P16581,GO:0070555
P16581,GO:1903238
P19320,GO:0001666
P19320,GO:0002102
P19320,GO:0002544
P19320,GO:0005178
P19320,GO:0005615
P19320,GO:0005769
P19320,GO:0005783
P19320,GO:0005794
P19320,GO:0005886
P19320,GO:0005902
P19320,GO:0006954
P19320,GO:0007155
P19320,GO:0007157
P19320,GO:0007159
P19320,GO:0007160
P19320,GO:0007584
P19320,GO:0008131
P19320,GO:0009308
P19320,GO:0009897
P19320,GO:0009986
P19320,GO:0010043
P19320,GO:0010212
P19320,GO:0022614
P19320,GO:0030175
P19320,GO:0030183
P19320,GO:0032496
P19320,GO:0033631
P19320,GO:0034113
P19320,GO:0035094
P19320,GO:0035924
P19320,GO:0042102
P19320,GO:0042383
P19320,GO:0045177
P19320,GO:0045471
P19320,GO:0050839
P19320,GO:0050901
P19320,GO:0060326
P19320,GO:0060384
P19320,GO:0060945
P19320,GO:0070062
P19320,GO:0071065
P19320,GO:0071356
P19320,GO:0098631
P19320,GO:1904646
P20813,GO:0004497
P20813,GO:0005506
P20813,GO:0005737
P20813,GO:0005789
P20813,GO:0006805
P20813,GO:0008202
P20813,GO:0008390
P20813,GO:0008392
P20813,GO:0016712
P20813,GO:0019373
P20813,GO:0020037
P20813,GO:0042178
P20813,GO:0042180
P20813,GO:0062184
P20813,GO:0062187
P20813,GO:0062188
P20813,GO:0062189
P20813,GO:0101021
P10635,GO:0004497
P10635,GO:0005506
P10635,GO:0005737
P10635,GO:0005739
P10635,GO:0005783
P10635,GO:0005789
P10635,GO:0006805
P10635,GO:0008202
P10635,GO:0008203
P10635,GO:0008210
P10635,GO:0009804
P10635,GO:0009820
P10635,GO:0009822
P10635,GO:0016098
P10635,GO:0016491
P10635,GO:0016712
P10635,GO:0019369
P10635,GO:0020037
P10635,GO:0033076
P10635,GO:0042178
P10635,GO:0042572
P10635,GO:0042759
P10635,GO:0062187
P10635,GO:0062188
P10635,GO:0062189
P10635,GO:0070989
P10635,GO:0090350
P19224,GO:0001889
P19224,GO:0004857
P19224,GO:0005783
P19224,GO:0005789
P19224,GO:0006805
P19224,GO:0008194
P19224,GO:0008210
P19224,GO:0015020
P19224,GO:0016125
P19224,GO:0019585
P19224,GO:0019899
P19224,GO:0042803
P19224,GO:0045922
P19224,GO:0046982
P19224,GO:0051552
P19224,GO:0071385
P12821,GO:0001822
P12821,GO:0001974
P12821,GO:0002003
P12821,GO:0002019
P12821,GO:0002446
P12821,GO:0002474
P12821,GO:0003081
P12821,GO:0003084
P12821,GO:0003779
P12821,GO:0004175
P12821,GO:0004181
P12821,GO:0004222
P12821,GO:0005516
P12821,GO:0005576
P12821,GO:0005615
P12821,GO:0005764
P12821,GO:0005768
P12821,GO:0005886
P12821,GO:0006508
P12821,GO:0007283
P12821,GO:0008217
P12821,GO:0008233
P12821,GO:0008237
P12821,GO:0008238
P12821,GO:0008240
P12821,GO:0008241
P12821,GO:0008270
P12821,GO:0008584
P12821,GO:0009897
P12821,GO:0010608
P12821,GO:0010629
P12821,GO:0010814
P12821,GO:0010815
P12821,GO:0014910
P12821,GO:0019229
P12821,GO:0031404
P12821,GO:0031434
P12821,GO:0031711
P12821,GO:0032943
P12821,GO:0038166
P12821,GO:0042445
P12821,GO:0042447
P12821,GO:0043171
P12821,GO:0048167
P12821,GO:0050435
P12821,GO:0050482
P12821,GO:0051019
P12821,GO:0060047
P12821,GO:0060177
P12821,GO:0060218
P12821,GO:0070062
P12821,GO:0070573
P12821,GO:0071838
P12821,GO:0086091
P12821,GO:0097746
P12821,GO:1902033
P12821,GO:1903597
P13569,GO:0005254
P13569,GO:0005260
P13569,GO:0005524
P13569,GO:0005634
P13569,GO:0005737
P13569,GO:0005765
P13569,GO:0005769
P13569,GO:0005789
P13569,GO:0005829
P13569,GO:0005886
P13569,GO:0006833
P13569,GO:0009986
P13569,GO:0010008
P13569,GO:0015106
P13569,GO:0015108
P13569,GO:0015701
P13569,GO:0016020
P13569,GO:0016323
P13569,GO:0016324
P13569,GO:0016887
P13569,GO:0017081
P13569,GO:0019869
P13569,GO:0019899
P13569,GO:0030165
P13569,GO:0030660
P13569,GO:0030669
P13569,GO:0031901
P13569,GO:0032991
P13569,GO:0034707
P13569,GO:0034976
P13569,GO:0035377
P13569,GO:0042626
P13569,GO:0042802
P13569,GO:0048240
P13569,GO:0050891
P13569,GO:0051087
P13569,GO:0051454
P13569,GO:0055037
P13569,GO:0055038
P13569,GO:0055085
P13569,GO:0060081
P13569,GO:0070175
P13569,GO:0071320
P13569,GO:0071889
P13569,GO:0097186
P13569,GO:0106138
P13569,GO:0140359
P13569,GO:1902476
P13569,GO:1904322
P19235,GO:0004900
P19235,GO:0005576
P19235,GO:0005886
P19235,GO:0007165
P19235,GO:0009897
P19235,GO:0038162
P19235,GO:0042802
P10275,GO:0000122
P10275,GO:0000785
P10275,GO:0000976
P10275,GO:0000977
P10275,GO:0000978
P10275,GO:0000979
P10275,GO:0000981
P10275,GO:0001091
P10275,GO:0001223
P10275,GO:0001228
P10275,GO:0003682
P10275,GO:0003700
P10275,GO:0003707
P10275,GO:0004879
P10275,GO:0005102
P10275,GO:0005496
P10275,GO:0005497
P10275,GO:0005634
P10275,GO:0005654
P10275,GO:0005737
P10275,GO:0005829
P10275,GO:0005886
P10275,GO:0006351
P10275,GO:0007165
P10275,GO:0007267
P10275,GO:0007283
P10275,GO:0008013
P10275,GO:0008270
P10275,GO:0008284
P10275,GO:0008285
P10275,GO:0008584
P10275,GO:0010628
P10275,GO:0016607
P10275,GO:0019899
P10275,GO:0030520
P10275,GO:0030521
P10275,GO:0030522
P10275,GO:0032991
P10275,GO:0034056
P10275,GO:0045597
P10275,GO:0045726
P10275,GO:0045893
P10275,GO:0045944
P10275,GO:0045945
P10275,GO:0051117
P10275,GO:0060090
P10275,GO:0061629
P10275,GO:0070974
P10275,GO:0071383
P10275,GO:0071391
P10275,GO:0071394
P10275,GO:0140693
P10275,GO:0140694
P10275,GO:1902895
P10275,GO:1903076
P10275,GO:2001237
P16152,GO:0004090
P16152,GO:0005829
P16152,GO:0006805
P16152,GO:0008211
P16152,GO:0016616
P16152,GO:0016655
P16152,GO:0030855
P16152,GO:0042373
P16152,GO:0046457
P16152,GO:0047020
P16152,GO:0047021
P16152,GO:0050221
P16152,GO:0070062
P16152,GO:0160163
P16152,GO:1903561
P16152,GO:2000379
P11362,GO:0000122
P11362,GO:0000165
P11362,GO:0001501
P11362,GO:0001764
P11362,GO:0001837
P11362,GO:0004713
P11362,GO:0005007
P11362,GO:0005524
P11362,GO:0005576
P11362,GO:0005634
P11362,GO:0005829
P11362,GO:0005886
P11362,GO:0006351
P11362,GO:0006468
P11362,GO:0008201
P11362,GO:0008284
P11362,GO:0008543
P11362,GO:0010518
P11362,GO:0016020
P11362,GO:0016477
P11362,GO:0017134
P11362,GO:0018108
P11362,GO:0021847
P11362,GO:0031410
P11362,GO:0035607
P11362,GO:0042169
P11362,GO:0042802
P11362,GO:0042803
P11362,GO:0043009
P11362,GO:0043235
P11362,GO:0043406
P11362,GO:0043410
P11362,GO:0043536
P11362,GO:0044344
P11362,GO:0045595
P11362,GO:0045597
P11362,GO:0045666
P11362,GO:0045787
P11362,GO:0046777
P11362,GO:0048015
P11362,GO:0048705
P11362,GO:0051897
P11362,GO:0055074
P11362,GO:0071344
P11362,GO:0071529
P11362,GO:0090722
P11362,GO:0098794
P11362,GO:0098978
P11362,GO:0099151
P11362,GO:1904383
P11362,GO:1905564
P11362,GO:2001028
P20701,GO:0002291
P20701,GO:0005886
P20701,GO:0006909
P20701,GO:0006954
P20701,GO:0007155
P20701,GO:0007157
P20701,GO:0007158
P20701,GO:0007159
P20701,GO:0007160
P20701,GO:0007165
P20701,GO:0007229
P20701,GO:0008305
P20701,GO:0009986
P20701,GO:0016020
P20701,GO:0030369
P20701,GO:0033627
P20701,GO:0033631
P20701,GO:0034687
P20701,GO:0035579
P20701,GO:0035683
P20701,GO:0038023
P20701,GO:0043113
P20701,GO:0044877
P20701,GO:0045121
P20701,GO:0046872
P20701,GO:0050839
P20701,GO:0070062
P20701,GO:0098609
P14210,GO:0000278
P14210,GO:0001837
P14210,GO:0005102
P14210,GO:0005576
P14210,GO:0005615
P14210,GO:0008083
P14210,GO:0010507
P14210,GO:0016020
P14210,GO:0030335
P14210,GO:0031093
P14210,GO:0035729
P14210,GO:0042056
P14210,GO:0042802
P14210,GO:0043066
P14210,GO:0043410
P14210,GO:0045669
P14210,GO:0045944
P14210,GO:0048012
P14210,GO:0051897
P14210,GO:0060326
P14210,GO:0060665
P14210,GO:0090201
P14210,GO:1901299
P14210,GO:2000573
P15692,GO:0000122
P15692,GO:0001525
P15692,GO:0001541
P15692,GO:0001569
P15692,GO:0001570
P15692,GO:0001666
P15692,GO:0001701
P15692,GO:0001822
P15692,GO:0001934
P15692,GO:0001938
P15692,GO:0001968
P15692,GO:0002040
P15692,GO:0002042
P15692,GO:0002052
P15692,GO:0002092
P15692,GO:0002575
P15692,GO:0002687
P15692,GO:0003007
P15692,GO:0003151
P15692,GO:0003169
P15692,GO:0005125
P15692,GO:0005161
P15692,GO:0005172
P15692,GO:0005576
P15692,GO:0005615
P15692,GO:0005634
P15692,GO:0005737
P15692,GO:0005783
P15692,GO:0005794
P15692,GO:0005912
P15692,GO:0006357
P15692,GO:0007200
P15692,GO:0007399
P15692,GO:0007498
P15692,GO:0007595
P15692,GO:0008083
P15692,GO:0008201
P15692,GO:0008284
P15692,GO:0008360
P15692,GO:0009986
P15692,GO:0010595
P15692,GO:0010628
P15692,GO:0010629
P15692,GO:0010719
P15692,GO:0010749
P15692,GO:0016020
P15692,GO:0030141
P15692,GO:0030224
P15692,GO:0030225
P15692,GO:0030297
P15692,GO:0030324
P15692,GO:0030335
P15692,GO:0030855
P15692,GO:0031012
P15692,GO:0031077
P15692,GO:0031093
P15692,GO:0031290
P15692,GO:0031334
P15692,GO:0031954
P15692,GO:0035148
P15692,GO:0035767
P15692,GO:0035924
P15692,GO:0036303
P15692,GO:0036324
P15692,GO:0038033
P15692,GO:0038084
P15692,GO:0038091
P15692,GO:0038190
P15692,GO:0038191
P15692,GO:0042056
P15692,GO:0042462
P15692,GO:0042802
P15692,GO:0043066
P15692,GO:0043117
P15692,GO:0043123
P15692,GO:0043129
P15692,GO:0043183
P15692,GO:0043184
P15692,GO:0043410
P15692,GO:0043536
P15692,GO:0045766
P15692,GO:0045785
P15692,GO:0045944
P15692,GO:0048010
P15692,GO:0048018
P15692,GO:0048469
P15692,GO:0048593
P15692,GO:0048842
P15692,GO:0048844
P15692,GO:0050679
P15692,GO:0050840
P15692,GO:0050918
P15692,GO:0050927
P15692,GO:0050930
P15692,GO:0051781
P15692,GO:0051894
P15692,GO:0051897
P15692,GO:0055013
P15692,GO:0060319
P15692,GO:0060749
P15692,GO:0060754
P15692,GO:0060948
P15692,GO:0060982
P15692,GO:0061042
P15692,GO:0070374
P15692,GO:0071456
P15692,GO:0071542
P15692,GO:0071679
P15692,GO:0090050
P15692,GO:0090190
P15692,GO:0097475
P15692,GO:0097533
P15692,GO:0120162
P15692,GO:1900748
P15692,GO:1901165
P15692,GO:1902894
P15692,GO:1902966
P15692,GO:1903141
P15692,GO:1903392
P15692,GO:1903589
P15692,GO:1903672
P15692,GO:1905278
P15692,GO:1905555
P15692,GO:1905604
P15692,GO:2000048
P15692,GO:2000573
P15692,GO:2001028
P21728,GO:0001588
P21728,GO:0001965
P21728,GO:0004930
P21728,GO:0004952
P21728,GO:0005634
P21728,GO:0005789
P21728,GO:0005886
P21728,GO:0005929
P21728,GO:0007187
P21728,GO:0007189
P21728,GO:0007191
P21728,GO:0007212
P21728,GO:0007416
P21728,GO:0007617
P21728,GO:0007628
P21728,GO:0008542
P21728,GO:0009410
P21728,GO:0019226
P21728,GO:0021853
P21728,GO:0030335
P21728,GO:0032795
P21728,GO:0035240
P21728,GO:0042311
P21728,GO:0042417
P21728,GO:0042734
P21728,GO:0043197
P21728,GO:0043268
P21728,GO:0043410
P21728,GO:0045211
P21728,GO:0051281
P21728,GO:0051584
P21728,GO:0051968
P21728,GO:0060158
P21728,GO:0060170
P21728,GO:0071870
P21728,GO:0071880
P21728,GO:0097648
P21728,GO:0097730
P21728,GO:0097731
P21728,GO:0098978
P21728,GO:0098982
P21728,GO:0099010
P21728,GO:0099171
P21728,GO:1990763
P22455,GO:0005007
P22455,GO:0005524
P22455,GO:0005576
P22455,GO:0005768
P22455,GO:0005783
P22455,GO:0005794
P22455,GO:0005886
P22455,GO:0008201
P22455,GO:0008284
P22455,GO:0008543
P22455,GO:0010628
P22455,GO:0010715
P22455,GO:0016477
P22455,GO:0017134
P22455,GO:0018108
P22455,GO:0019216
P22455,GO:0030133
P22455,GO:0042593
P22455,GO:0042632
P22455,GO:0043085
P22455,GO:0043235
P22455,GO:0045862
P22455,GO:0046777
P22455,GO:0055062
P22455,GO:0070374
P22455,GO:0070857
P22455,GO:2000573
P28335,GO:0001587
P28335,GO:0001662
P28335,GO:0004993
P28335,GO:0005886
P28335,GO:0006874
P28335,GO:0007187
P28335,GO:0007200
P28335,GO:0007208
P28335,GO:0007210
P28335,GO:0007268
P28335,GO:0007626
P28335,GO:0007631
P28335,GO:0010513
P28335,GO:0030425
P28335,GO:0030594
P28335,GO:0031644
P28335,GO:0032098
P28335,GO:0042802
P28335,GO:0043397
P28335,GO:0045202
P28335,GO:0051209
P28335,GO:0051378
P28335,GO:0070374
P28335,GO:0071886
P28335,GO:0098664
P28335,GO:0098666
P28335,GO:0099589
P35462,GO:0001591
P35462,GO:0002031
P35462,GO:0004930
P35462,GO:0005886
P35462,GO:0006874
P35462,GO:0007186
P35462,GO:0007191
P35462,GO:0007195
P35462,GO:0007611
P35462,GO:0007612
P35462,GO:0007626
P35462,GO:0008542
P35462,GO:0009410
P35462,GO:0014059
P35462,GO:0032467
P35462,GO:0032922
P35462,GO:0034776
P35462,GO:0035176
P35462,GO:0042220
P35462,GO:0042417
P35462,GO:0043266
P35462,GO:0043278
P35462,GO:0045202
P35462,GO:0045776
P35462,GO:0045840
P35462,GO:0046717
P35462,GO:0048148
P35462,GO:0048715
P35462,GO:0050482
P35462,GO:0050709
P35462,GO:0050883
P35462,GO:0051481
P35462,GO:0051584
P35462,GO:0051898
P35462,GO:0051967
P35462,GO:0060134
P35462,GO:0060158
P35462,GO:0060161
P25100,GO:0004937
P25100,GO:0005886
P25100,GO:0007186
P25100,GO:0007188
P25100,GO:0007200
P25100,GO:0007204
P25100,GO:0007267
P25100,GO:0008284
P25100,GO:0042802
P25100,GO:0043410
P25100,GO:0045907
P25100,GO:0071880
P25100,GO:0150099
P25963,GO:0000122
P25963,GO:0005634
P25963,GO:0005654
P25963,GO:0005737
P25963,GO:0005829
P25963,GO:0007249
P25963,GO:0008139
P25963,GO:0010745
P25963,GO:0010888
P25963,GO:0019899
P25963,GO:0031625
P25963,GO:0032375
P25963,GO:0033209
P25963,GO:0033256
P25963,GO:0034142
P25963,GO:0038061
P25963,GO:0042308
P25963,GO:0042802
P25963,GO:0043124
P25963,GO:0045944
P25963,GO:0050729
P25963,GO:0050853
P25963,GO:0051059
P25963,GO:0060261
P25963,GO:0070417
P25963,GO:0070498
P25963,GO:0140311
P25963,GO:0140313
P25963,GO:0140416
P25963,GO:1900016
P29466,GO:0002221
P29466,GO:0004175
P29466,GO:0004197
P29466,GO:0005730
P29466,GO:0005737
P29466,GO:0005829
P29466,GO:0005874
P29466,GO:0005886
P29466,GO:0006508
P29466,GO:0006915
P29466,GO:0007165
P29466,GO:0007231
P29466,GO:0008656
P29466,GO:0016485
P29466,GO:0016540
P29466,GO:0019900
P29466,GO:0019955
P29466,GO:0032731
P29466,GO:0032741
P29466,GO:0032991
P29466,GO:0042742
P29466,GO:0042802
P29466,GO:0043065
P29466,GO:0043123
P29466,GO:0046456
P29466,GO:0050700
P29466,GO:0050727
P29466,GO:0050729
P29466,GO:0051604
P29466,GO:0051607
P29466,GO:0070269
P29466,GO:0071222
P29466,GO:0071260
P29466,GO:0071346
P29466,GO:0072557
P29466,GO:0072558
P29466,GO:0072559
P29466,GO:0097169
P29466,GO:0097179
P29466,GO:0140447
P29466,GO:0140448
P29466,GO:0140970
P29466,GO:1903265
P35354,GO:0001516
P35354,GO:0004601
P35354,GO:0004666
P35354,GO:0005637
P35354,GO:0005640
P35354,GO:0005737
P35354,GO:0005783
P35354,GO:0005788
P35354,GO:0005789
P35354,GO:0006979
P35354,GO:0008217
P35354,GO:0010575
P35354,GO:0016701
P35354,GO:0016702
P35354,GO:0019371
P35354,GO:0019372
P35354,GO:0019899
P35354,GO:0020037
P35354,GO:0031394
P35354,GO:0031622
P35354,GO:0042759
P35354,GO:0042803
P35354,GO:0043005
P35354,GO:0045429
P35354,GO:0046872
P35354,GO:0050727
P35354,GO:0050873
P35354,GO:0071456
P35354,GO:0071471
P35354,GO:0071636
P35354,GO:0090050
P35354,GO:0090271
P35354,GO:0090336
P35354,GO:0090362
P35354,GO:0150077
P35354,GO:1902219
P35503,GO:0001889
P35503,GO:0001972
P35503,GO:0004857
P35503,GO:0005783
P35503,GO:0005789
P35503,GO:0006805
P35503,GO:0008194
P35503,GO:0008210
P35503,GO:0009812
P35503,GO:0015020
P35503,GO:0016125
P35503,GO:0019899
P35503,GO:0032782
P35503,GO:0042573
P35503,GO:0042803
P35503,GO:0045922
P35503,GO:0046982
P35503,GO:0051552
P35503,GO:0070640
P35503,GO:0071385
P48050,GO:0005242
P48050,GO:0005886
P48050,GO:0006813
P48050,GO:0008076
P48050,GO:0016323
P48050,GO:0030165
P48050,GO:0030659
P48050,GO:0045211
P48050,GO:1990573
P21917,GO:0001591
P21917,GO:0001662
P21917,GO:0001975
P21917,GO:0004952
P21917,GO:0004993
P21917,GO:0005886
P21917,GO:0006874
P21917,GO:0007187
P21917,GO:0007188
P21917,GO:0007195
P21917,GO:0007268
P21917,GO:0008344
P21917,GO:0015459
P21917,GO:0016020
P21917,GO:0017124
P21917,GO:0030425
P21917,GO:0030594
P21917,GO:0034776
P21917,GO:0035176
P21917,GO:0035240
P21917,GO:0042053
P21917,GO:0042596
P21917,GO:0042752
P21917,GO:0042802
P21917,GO:0043410
P21917,GO:0046872
P21917,GO:0048148
P21917,GO:0048149
P21917,GO:0048511
P21917,GO:0050482
P21917,GO:0050709
P21917,GO:0051379
P21917,GO:0051380
P21917,GO:0051586
P21917,GO:0060080
P21917,GO:0060158
P21917,GO:0098794
P21917,GO:0098978
P21917,GO:0099149
P22310,GO:0001889
P22310,GO:0004857
P22310,GO:0005783
P22310,GO:0005789
P22310,GO:0006789
P22310,GO:0008194
P22310,GO:0008210
P22310,GO:0015020
P22310,GO:0016125
P22310,GO:0019585
P22310,GO:0019899
P22310,GO:0042167
P22310,GO:0042803
P22310,GO:0045922
P22310,GO:0046982
P22310,GO:0051552
P22310,GO:0070640
P22310,GO:0071385
P23141,GO:0004771
P23141,GO:0005737
P23141,GO:0005783
P23141,GO:0005788
P23141,GO:0005811
P23141,GO:0005829
P23141,GO:0006695
P23141,GO:0008203
P23141,GO:0009636
P23141,GO:0010875
P23141,GO:0010887
P23141,GO:0019626
P23141,GO:0030855
P23141,GO:0042632
P23141,GO:0043691
P23141,GO:0047374
P23141,GO:0050253
P23141,GO:0051791
P23141,GO:0070857
P23141,GO:0071397
P23141,GO:0071404
P23141,GO:0090122
P23141,GO:0090205
P23141,GO:0106435
P23141,GO:0120188
P24385,GO:0000082
P24385,GO:0000122
P24385,GO:0000307
P24385,GO:0001889
P24385,GO:0003714
P24385,GO:0004672
P24385,GO:0005634
P24385,GO:0005654
P24385,GO:0005737
P24385,GO:0005815
P24385,GO:0005829
P24385,GO:0005923
P24385,GO:0006351
P24385,GO:0006974
P24385,GO:0008284
P24385,GO:0009410
P24385,GO:0010039
P24385,GO:0010165
P24385,GO:0010971
P24385,GO:0016538
P24385,GO:0017053
P24385,GO:0019899
P24385,GO:0019901
P24385,GO:0031100
P24385,GO:0031571
P24385,GO:0031965
P24385,GO:0032026
P24385,GO:0032355
P24385,GO:0033197
P24385,GO:0033327
P24385,GO:0042826
P24385,GO:0043539
P24385,GO:0043627
P24385,GO:0044321
P24385,GO:0044877
P24385,GO:0045471
P24385,GO:0051301
P24385,GO:0051412
P24385,GO:0051592
P24385,GO:0061575
P24385,GO:0070064
P24385,GO:0070141
P24385,GO:0071456
P24385,GO:1900087
P25101,GO:0000278
P25101,GO:0001569
P25101,GO:0001974
P25101,GO:0001975
P25101,GO:0002027
P25101,GO:0003015
P25101,GO:0003094
P25101,GO:0003207
P25101,GO:0003220
P25101,GO:0003228
P25101,GO:0003253
P25101,GO:0003357
P25101,GO:0004435
P25101,GO:0004962
P25101,GO:0005886
P25101,GO:0006874
P25101,GO:0006939
P25101,GO:0007005
P25101,GO:0007165
P25101,GO:0007186
P25101,GO:0007190
P25101,GO:0007200
P25101,GO:0007204
P25101,GO:0007585
P25101,GO:0008217
P25101,GO:0008283
P25101,GO:0009611
P25101,GO:0010467
P25101,GO:0014034
P25101,GO:0014824
P25101,GO:0016322
P25101,GO:0030202
P25101,GO:0030878
P25101,GO:0034599
P25101,GO:0035050
P25101,GO:0035904
P25101,GO:0042310
P25101,GO:0042415
P25101,GO:0042474
P25101,GO:0044751
P25101,GO:0048066
P25101,GO:0048484
P25101,GO:0048485
P25101,GO:0048675
P25101,GO:0048706
P25101,GO:0050905
P25101,GO:0055078
P25101,GO:0060070
P25101,GO:0060324
P25101,GO:0060385
P25101,GO:0061028
P25101,GO:0061626
P25101,GO:0070294
P25101,GO:0070588
P25101,GO:0071372
P25101,GO:0071373
P25101,GO:0071526
P25101,GO:0071806
P25101,GO:0072011
P25101,GO:0072112
P25101,GO:0086100
P25101,GO:0097018
P25101,GO:0097084
P25101,GO:0097152
P25101,GO:0097237
P25101,GO:0097492
P25101,GO:0141156
P25101,GO:1903210
P25101,GO:1903537
P25101,GO:1904888
P25101,GO:1905144
P25101,GO:1905871
P25101,GO:2001259
P27487,GO:0001618
P27487,GO:0001666
P27487,GO:0002020
P27487,GO:0004177
P27487,GO:0004252
P27487,GO:0005102
P27487,GO:0005576
P27487,GO:0005765
P27487,GO:0005886
P27487,GO:0005925
P27487,GO:0006508
P27487,GO:0007155
P27487,GO:0008236
P27487,GO:0008239
P27487,GO:0008284
P27487,GO:0009986
P27487,GO:0010716
P27487,GO:0016020
P27487,GO:0016324
P27487,GO:0016486
P27487,GO:0019065
P27487,GO:0030027
P27487,GO:0030139
P27487,GO:0031258
P27487,GO:0031295
P27487,GO:0033632
P27487,GO:0042110
P27487,GO:0042802
P27487,GO:0042803
P27487,GO:0043542
P27487,GO:0045121
P27487,GO:0045499
P27487,GO:0046581
P27487,GO:0046718
P27487,GO:0046813
P27487,GO:0061025
P27487,GO:0070062
P27487,GO:0090024
P27487,GO:0120116
P33261,GO:0001676
P33261,GO:0004497
P33261,GO:0005506
P33261,GO:0005737
P33261,GO:0005789
P33261,GO:0006805
P33261,GO:0008202
P33261,GO:0008395
P33261,GO:0016098
P33261,GO:0016491
P33261,GO:0016712
P33261,GO:0018675
P33261,GO:0018676
P33261,GO:0019373
P33261,GO:0019825
P33261,GO:0019899
P33261,GO:0020037
P33261,GO:0042178
P33261,GO:0043231
P33261,GO:0052741
P33261,GO:0097267
P33261,GO:0120319
P35499,GO:0001518
P35499,GO:0005248
P35499,GO:0005886
P35499,GO:0006814
P35499,GO:0006936
P35499,GO:0035725
P35499,GO:0086002
P35499,GO:0100001
P40261,GO:0005829
P40261,GO:0006769
P40261,GO:0008112
P40261,GO:0019677
P40261,GO:0030760
P40261,GO:0032259
P40261,GO:0045722
P40261,GO:0090312
P40261,GO:1901847
P46663,GO:0002687
P46663,GO:0004947
P46663,GO:0005783
P46663,GO:0005886
P46663,GO:0006954
P46663,GO:0007186
P46663,GO:0007204
P46663,GO:0009612
P46663,GO:0016477
P46663,GO:0030308
P46663,GO:0032496
P46663,GO:0042277
P46663,GO:0045776
P46663,GO:0051281
P21918,GO:0001588
P21918,GO:0001963
P21918,GO:0004930
P21918,GO:0004952
P21918,GO:0005886
P21918,GO:0005929
P21918,GO:0006874
P21918,GO:0007189
P21918,GO:0007191
P21918,GO:0007212
P21918,GO:0007268
P21918,GO:0008217
P21918,GO:0031526
P21918,GO:0035240
P21918,GO:0043410
P21918,GO:0045202
P21918,GO:0045762
P21918,GO:0060158
P21918,GO:0060170
P21918,GO:0071870
P21918,GO:0071880
P21918,GO:0072593
P21918,GO:0097730
P21918,GO:0097731
P24530,GO:0000122
P24530,GO:0002001
P24530,GO:0002027
P24530,GO:0004962
P24530,GO:0005886
P24530,GO:0006182
P24530,GO:0007166
P24530,GO:0007194
P24530,GO:0007200
P24530,GO:0007204
P24530,GO:0007399
P24530,GO:0008284
P24530,GO:0010467
P24530,GO:0014043
P24530,GO:0014826
P24530,GO:0017046
P24530,GO:0019722
P24530,GO:0030202
P24530,GO:0030318
P24530,GO:0031620
P24530,GO:0031702
P24530,GO:0031965
P24530,GO:0032341
P24530,GO:0035645
P24530,GO:0035810
P24530,GO:0035812
P24530,GO:0042045
P24530,GO:0042310
P24530,GO:0042311
P24530,GO:0043066
P24530,GO:0048066
P24530,GO:0048246
P24530,GO:0048265
P24530,GO:0048484
P24530,GO:0050678
P24530,GO:0051248
P24530,GO:0060070
P24530,GO:0060406
P24530,GO:0061028
P24530,GO:0070294
P24530,GO:0070588
P24530,GO:0071222
P24530,GO:0071806
P24530,GO:0072112
P24530,GO:0086100
P24530,GO:0097018
P24530,GO:0160093
P24530,GO:1904383
P24530,GO:1990839
P31639,GO:0000017
P31639,GO:0005362
P31639,GO:0005412
P31639,GO:0005886
P31639,GO:0005975
P31639,GO:0008645
P31639,GO:0015151
P31639,GO:0016020
P31639,GO:0016324
P31639,GO:0035623
P31639,GO:0046872
P31639,GO:0055056
P31639,GO:0070062
P31639,GO:0098708
P31639,GO:0098719
P35367,GO:0004969
P35367,GO:0005886
P35367,GO:0006954
P35367,GO:0007186
P35367,GO:0007187
P35367,GO:0007200
P35367,GO:0007268
P35367,GO:0030425
P35367,GO:0043114
P35367,GO:0045202
P35367,GO:0045907
P35367,GO:0071420
P35610,GO:0000062
P35610,GO:0004772
P35610,GO:0005783
P35610,GO:0005789
P35610,GO:0008203
P35610,GO:0010742
P35610,GO:0010878
P35610,GO:0015485
P35610,GO:0016020
P35610,GO:0033344
P35610,GO:0034379
P35610,GO:0034383
P35610,GO:0034736
P35610,GO:0042632
P35610,GO:0042802
P35610,GO:0042986
P35869,GO:0000785
P35869,GO:0000976
P35869,GO:0000981
P35869,GO:0000987
P35869,GO:0001094
P35869,GO:0001223
P35869,GO:0001568
P35869,GO:0002819
P35869,GO:0002841
P35869,GO:0003677
P35869,GO:0003700
P35869,GO:0004879
P35869,GO:0005634
P35869,GO:0005654
P35869,GO:0005667
P35869,GO:0005737
P35869,GO:0005829
P35869,GO:0006351
P35869,GO:0006355
P35869,GO:0006357
P35869,GO:0006805
P35869,GO:0006915
P35869,GO:0009410
P35869,GO:0009636
P35869,GO:0010468
P35869,GO:0017025
P35869,GO:0030888
P35869,GO:0032922
P35869,GO:0032991
P35869,GO:0034751
P35869,GO:0034752
P35869,GO:0034753
P35869,GO:0042803
P35869,GO:0045892
P35869,GO:0045893
P35869,GO:0045944
P35869,GO:0046982
P35869,GO:0050728
P35869,GO:0051879
P35869,GO:0061629
P35869,GO:0070888
P35869,GO:0071219
P35869,GO:0071320
P35869,GO:1904322
P35869,GO:1904613
P35869,GO:1990837
P37231,GO:0000122
P37231,GO:0000785
P37231,GO:0000976
P37231,GO:0000978
P37231,GO:0000981
P37231,GO:0001221
P37231,GO:0001227
P37231,GO:0001228
P37231,GO:0001890
P37231,GO:0003676
P37231,GO:0003677
P37231,GO:0003682
P37231,GO:0003690
P37231,GO:0003700
P37231,GO:0004879
P37231,GO:0004955
P37231,GO:0005634
P37231,GO:0005654
P37231,GO:0005829
P37231,GO:0006357
P37231,GO:0006631
P37231,GO:0007584
P37231,GO:0008217
P37231,GO:0008270
P37231,GO:0009755
P37231,GO:0010628
P37231,GO:0010629
P37231,GO:0010745
P37231,GO:0010875
P37231,GO:0010887
P37231,GO:0010888
P37231,GO:0015909
P37231,GO:0016525
P37231,GO:0019899
P37231,GO:0030154
P37231,GO:0030224
P37231,GO:0030509
P37231,GO:0030512
P37231,GO:0030514
P37231,GO:0030522
P37231,GO:0030855
P37231,GO:0032376
P37231,GO:0032869
P37231,GO:0033993
P37231,GO:0035357
P37231,GO:0042277
P37231,GO:0042593
P37231,GO:0042752
P37231,GO:0042789
P37231,GO:0042802
P37231,GO:0043235
P37231,GO:0043409
P37231,GO:0043537
P37231,GO:0043565
P37231,GO:0045087
P37231,GO:0045165
P37231,GO:0045444
P37231,GO:0045600
P37231,GO:0045668
P37231,GO:0045834
P37231,GO:0045892
P37231,GO:0045893
P37231,GO:0045923
P37231,GO:0045944
P37231,GO:0046965
P37231,GO:0048384
P37231,GO:0048469
P37231,GO:0048511
P37231,GO:0048662
P37231,GO:0050544
P37231,GO:0050692
P37231,GO:0050693
P37231,GO:0050699
P37231,GO:0050728
P37231,GO:0050872
P37231,GO:0050873
P37231,GO:0051393
P37231,GO:0055088
P37231,GO:0060336
P37231,GO:0060392
P37231,GO:0070165
P37231,GO:0070412
P37231,GO:0070888
P37231,GO:0071404
P37231,GO:0071456
P37231,GO:0090258
P37231,GO:0090575
P37231,GO:0097677
P37231,GO:0140077
P37231,GO:0140297
P37231,GO:0160274
P37231,GO:1900076
P37231,GO:1901202
P37231,GO:1902894
P37231,GO:1902895
P37231,GO:1903243
P37231,GO:1903845
P37231,GO:1904179
P37231,GO:1904597
P37231,GO:1904706
P37231,GO:1904893
P37231,GO:1905461
P37231,GO:1905563
P37231,GO:2001235
P41595,GO:0001587
P41595,GO:0001755
P41595,GO:0001819
P41595,GO:0001938
P41595,GO:0001965
P41595,GO:0003007
P41595,GO:0003300
P41595,GO:0004993
P41595,GO:0005096
P41595,GO:0005654
P41595,GO:0005737
P41595,GO:0005886
P41595,GO:0006874
P41595,GO:0007186
P41595,GO:0007187
P41595,GO:0007208
P41595,GO:0007210
P41595,GO:0007268
P41595,GO:0008284
P41595,GO:0009410
P41595,GO:0010513
P41595,GO:0014033
P41595,GO:0014827
P41595,GO:0019722
P41595,GO:0030425
P41595,GO:0030594
P41595,GO:0042310
P41595,GO:0043066
P41595,GO:0043123
P41595,GO:0045202
P41595,GO:0048598
P41595,GO:0050795
P41595,GO:0051209
P41595,GO:0051378
P41595,GO:0051781
P41595,GO:0070371
P41595,GO:0070374
P41595,GO:0098664
P41595,GO:0098666
P41595,GO:0099589
P42330,GO:0001523
P42330,GO:0001758
P42330,GO:0004032
P42330,GO:0004303
P42330,GO:0004745
P42330,GO:0005634
P42330,GO:0005737
P42330,GO:0005829
P42330,GO:0006693
P42330,GO:0007186
P42330,GO:0007584
P42330,GO:0008106
P42330,GO:0008202
P42330,GO:0008284
P42330,GO:0008584
P42330,GO:0009267
P42330,GO:0016488
P42330,GO:0016655
P42330,GO:0030216
P42330,GO:0032052
P42330,GO:0036130
P42330,GO:0036131
P42330,GO:0042448
P42330,GO:0042574
P42330,GO:0043170
P42330,GO:0044597
P42330,GO:0044598
P42330,GO:0045550
P42330,GO:0045703
P42330,GO:0046457
P42330,GO:0047017
P42330,GO:0047020
P42330,GO:0047023
P42330,GO:0047024
P42330,GO:0047035
P42330,GO:0047044
P42330,GO:0047045
P42330,GO:0047086
P42330,GO:0047787
P42330,GO:0048385
P42330,GO:0051897
P42330,GO:0052650
P42330,GO:0061370
P42330,GO:0070062
P42330,GO:0070293
P42330,GO:0071277
P42330,GO:0071379
P42330,GO:0071384
P42330,GO:0071395
P42330,GO:0071799
P42330,GO:0140169
P42330,GO:1900053
P42330,GO:2000224
P42330,GO:2000353
P42330,GO:2000379
P42574,GO:0001554
P42574,GO:0001666
P42574,GO:0001818
P42574,GO:0002020
P42574,GO:0004190
P42574,GO:0004197
P42574,GO:0004861
P42574,GO:0005123
P42574,GO:0005634
P42574,GO:0005654
P42574,GO:0005737
P42574,GO:0005829
P42574,GO:0006508
P42574,GO:0006915
P42574,GO:0007413
P42574,GO:0007611
P42574,GO:0008047
P42574,GO:0008233
P42574,GO:0008627
P42574,GO:0009410
P42574,GO:0009749
P42574,GO:0010165
P42574,GO:0014069
P42574,GO:0016005
P42574,GO:0016241
P42574,GO:0016485
P42574,GO:0021766
P42574,GO:0030163
P42574,GO:0030182
P42574,GO:0030216
P42574,GO:0030218
P42574,GO:0030220
P42574,GO:0031264
P42574,GO:0031647
P42574,GO:0032025
P42574,GO:0032355
P42574,GO:0032496
P42574,GO:0034349
P42574,GO:0034612
P42574,GO:0035094
P42574,GO:0036269
P42574,GO:0042542
P42574,GO:0043025
P42574,GO:0043200
P42574,GO:0043525
P42574,GO:0044877
P42574,GO:0045471
P42574,GO:0048011
P42574,GO:0051146
P42574,GO:0051384
P42574,GO:0051604
P42574,GO:0070269
P42574,GO:0071887
P42574,GO:0072347
P42574,GO:0072734
P42574,GO:0097190
P42574,GO:0097193
P42574,GO:0097194
P42574,GO:0098693
P42574,GO:0098883
P42574,GO:0098978
P42574,GO:0140639
P42574,GO:1902004
P42574,GO:1990418
P43220,GO:0004888
P43220,GO:0004967
P43220,GO:0005886
P43220,GO:0007166
P43220,GO:0007189
P43220,GO:0007190
P43220,GO:0007204
P43220,GO:0007611
P43220,GO:0008016
P43220,GO:0016020
P43220,GO:0017046
P43220,GO:0044508
P43220,GO:0045777
P43220,GO:1990911
P47989,GO:0000255
P47989,GO:0004854
P47989,GO:0004855
P47989,GO:0005506
P47989,GO:0005615
P47989,GO:0005777
P47989,GO:0005829
P47989,GO:0006147
P47989,GO:0006148
P47989,GO:0006149
P47989,GO:0006154
P47989,GO:0006157
P47989,GO:0006161
P47989,GO:0006196
P47989,GO:0006204
P47989,GO:0009114
P47989,GO:0009115
P47989,GO:0016529
P47989,GO:0042803
P47989,GO:0043546
P47989,GO:0046038
P47989,GO:0046055
P47989,GO:0046059
P47989,GO:0050660
P47989,GO:0051537
P47989,GO:0070674
P47989,GO:0070675
P47989,GO:0071949
P21964,GO:0000287
P21964,GO:0005783
P21964,GO:0005829
P21964,GO:0005886
P21964,GO:0006629
P21964,GO:0008168
P21964,GO:0008171
P21964,GO:0016020
P21964,GO:0016206
P21964,GO:0030424
P21964,GO:0030425
P21964,GO:0032259
P21964,GO:0032502
P21964,GO:0042417
P21964,GO:0042420
P21964,GO:0042424
P21964,GO:0070062
P22309,GO:0001889
P22309,GO:0001972
P22309,GO:0004857
P22309,GO:0005496
P22309,GO:0005783
P22309,GO:0005788
P22309,GO:0005789
P22309,GO:0005886
P22309,GO:0006789
P22309,GO:0006805
P22309,GO:0008194
P22309,GO:0008202
P22309,GO:0008210
P22309,GO:0009812
P22309,GO:0015020
P22309,GO:0016125
P22309,GO:0019585
P22309,GO:0019899
P22309,GO:0034663
P22309,GO:0042167
P22309,GO:0042573
P22309,GO:0042803
P22309,GO:0045922
P22309,GO:0045939
P22309,GO:0046982
P22309,GO:0048471
P22309,GO:0051552
P22309,GO:0071385
P25105,GO:0001530
P25105,GO:0001875
P25105,GO:0004930
P25105,GO:0004992
P25105,GO:0005543
P25105,GO:0005886
P25105,GO:0006935
P25105,GO:0006954
P25105,GO:0006955
P25105,GO:0007186
P25105,GO:0007200
P25105,GO:0016020
P25105,GO:0030667
P25105,GO:0045028
P25105,GO:0070821
P25116,GO:0001965
P25116,GO:0002248
P25116,GO:0003105
P25116,GO:0004930
P25116,GO:0005102
P25116,GO:0005576
P25116,GO:0005769
P25116,GO:0005770
P25116,GO:0005794
P25116,GO:0005886
P25116,GO:0005901
P25116,GO:0006954
P25116,GO:0007186
P25116,GO:0007200
P25116,GO:0007204
P25116,GO:0007529
P25116,GO:0008284
P25116,GO:0008285
P25116,GO:0009611
P25116,GO:0009653
P25116,GO:0009986
P25116,GO:0015057
P25116,GO:0030168
P25116,GO:0030193
P25116,GO:0030194
P25116,GO:0030335
P25116,GO:0031094
P25116,GO:0031594
P25116,GO:0031681
P25116,GO:0032496
P25116,GO:0032651
P25116,GO:0032755
P25116,GO:0032757
P25116,GO:0032967
P25116,GO:0035025
P25116,GO:0043065
P25116,GO:0043123
P25116,GO:0043410
P25116,GO:0043524
P25116,GO:0045211
P25116,GO:0045217
P25116,GO:0045893
P25116,GO:0045907
P25116,GO:0045987
P25116,GO:0046427
P25116,GO:0048167
P25116,GO:0048873
P25116,GO:0051209
P25116,GO:0051281
P25116,GO:0051897
P25116,GO:0051928
P25116,GO:0060155
P25116,GO:0070374
P25116,GO:0070493
P25116,GO:0099553
P25116,GO:1900134
P28221,GO:0001586
P28221,GO:0004993
P28221,GO:0005886
P28221,GO:0007187
P28221,GO:0007193
P28221,GO:0007198
P28221,GO:0007268
P28221,GO:0014827
P28221,GO:0030425
P28221,GO:0030594
P28221,GO:0040012
P28221,GO:0042310
P28221,GO:0045202
P28221,GO:0050795
P28221,GO:0099589
P28222,GO:0001586
P28222,GO:0004993
P28222,GO:0005737
P28222,GO:0005886
P28222,GO:0007187
P28222,GO:0007193
P28222,GO:0007198
P28222,GO:0007208
P28222,GO:0007268
P28222,GO:0014063
P28222,GO:0030425
P28222,GO:0030594
P28222,GO:0042310
P28222,GO:0042734
P28222,GO:0046849
P28222,GO:0050795
P28222,GO:0051378
P28222,GO:0071312
P28222,GO:0071466
P28222,GO:0098666
P28222,GO:0099154
P28222,GO:0099589
P28222,GO:1904707
P28223,GO:0001587
P28223,GO:0001618
P28223,GO:0001659
P28223,GO:0002720
P28223,GO:0004993
P28223,GO:0005883
P28223,GO:0005886
P28223,GO:0005901
P28223,GO:0006874
P28223,GO:0007187
P28223,GO:0007204
P28223,GO:0007208
P28223,GO:0007210
P28223,GO:0007268
P28223,GO:0007613
P28223,GO:0008284
P28223,GO:0009410
P28223,GO:0010513
P28223,GO:0014059
P28223,GO:0014824
P28223,GO:0014832
P28223,GO:0030296
P28223,GO:0030424
P28223,GO:0030425
P28223,GO:0030594
P28223,GO:0031410
P28223,GO:0031652
P28223,GO:0042734
P28223,GO:0042802
P28223,GO:0043025
P28223,GO:0043198
P28223,GO:0043267
P28223,GO:0043525
P28223,GO:0044877
P28223,GO:0045211
P28223,GO:0045907
P28223,GO:0046960
P28223,GO:0048148
P28223,GO:0050729
P28223,GO:0050965
P28223,GO:0050966
P28223,GO:0051209
P28223,GO:0051378
P28223,GO:0051967
P28223,GO:0070374
P28223,GO:0070852
P28223,GO:0071886
P28223,GO:0098664
P28223,GO:0098666
P28223,GO:0098978
P28223,GO:0099171
P28223,GO:0099589
P28223,GO:1900119
P28223,GO:1901731
P28223,GO:2000573
P30556,GO:0001558
P30556,GO:0001596
P30556,GO:0001822
P30556,GO:0002018
P30556,GO:0002034
P30556,GO:0003081
P30556,GO:0004945
P30556,GO:0005886
P30556,GO:0006954
P30556,GO:0007186
P30556,GO:0007200
P30556,GO:0007204
P30556,GO:0007266
P30556,GO:0008217
P30556,GO:0010744
P30556,GO:0016020
P30556,GO:0019229
P30556,GO:0019722
P30556,GO:0031711
P30556,GO:0034374
P30556,GO:0035813
P30556,GO:0038166
P30556,GO:0042127
P30556,GO:0046718
P30556,GO:0046982
P30556,GO:0050727
P30556,GO:0050729
P30556,GO:0060326
P30556,GO:0086097
P30556,GO:0090205
P30556,GO:0097746
P30556,GO:1903589
P30556,GO:2000379
P35368,GO:0004937
P35368,GO:0005634
P35368,GO:0005737
P35368,GO:0005886
P35368,GO:0005901
P35368,GO:0007186
P35368,GO:0007188
P35368,GO:0007200
P35368,GO:0007204
P35368,GO:0007267
P35368,GO:0010613
P35368,GO:0019229
P35368,GO:0031965
P35368,GO:0035556
P35368,GO:0043410
P35368,GO:0046982
P35368,GO:0055117
P35368,GO:0071880
P35368,GO:0150099
P27338,GO:0005739
P27338,GO:0005740
P27338,GO:0005741
P27338,GO:0008131
P27338,GO:0009055
P27338,GO:0019607
P27338,GO:0021762
P27338,GO:0042420
P27338,GO:0042428
P27338,GO:0050665
P27338,GO:0097621
P33260,GO:0004497
P33260,GO:0005506
P33260,GO:0005737
P33260,GO:0005789
P33260,GO:0006805
P33260,GO:0008392
P33260,GO:0008401
P33260,GO:0016712
P33260,GO:0019373
P33260,GO:0019825
P33260,GO:0020037
P33260,GO:0042178
P33260,GO:0042572
P33260,GO:0042573
P33260,GO:0071614
P24462,GO:0002933
P24462,GO:0004497
P24462,GO:0005506
P24462,GO:0005789
P24462,GO:0006694
P24462,GO:0006805
P24462,GO:0008202
P24462,GO:0008210
P24462,GO:0008395
P24462,GO:0008401
P24462,GO:0019825
P24462,GO:0020037
P24462,GO:0042572
P24462,GO:0042573
P24462,GO:0050649
P24462,GO:0062183
P24462,GO:0070989
P24462,GO:0101020
P24462,GO:0101021
P34969,GO:0004993
P34969,GO:0005886
P34969,GO:0005929
P34969,GO:0006939
P34969,GO:0007187
P34969,GO:0007192
P34969,GO:0007268
P34969,GO:0007623
P34969,GO:0008015
P34969,GO:0030425
P34969,GO:0030594
P34969,GO:0032588
P34969,GO:0042310
P34969,GO:0045202
P35348,GO:0001994
P35348,GO:0004937
P35348,GO:0005634
P35348,GO:0005737
P35348,GO:0005829
P35348,GO:0005886
P35348,GO:0005901
P35348,GO:0006915
P35348,GO:0006939
P35348,GO:0007165
P35348,GO:0007186
P35348,GO:0007200
P35348,GO:0007204
P35348,GO:0007267
P35348,GO:0008285
P35348,GO:0009410
P35348,GO:0009725
P35348,GO:0010613
P35348,GO:0031965
P35348,GO:0032230
P35348,GO:0035556
P35348,GO:0043410
P35348,GO:0045760
P35348,GO:0045907
P35348,GO:0045987
P35348,GO:0046982
P35348,GO:0060452
P35348,GO:0070374
P35348,GO:0071880
P35348,GO:0071882
P35348,GO:0097195
P35348,GO:0150099
P48048,GO:0005242
P48048,GO:0005267
P48048,GO:0005524
P48048,GO:0005546
P48048,GO:0005886
P48048,GO:0006811
P48048,GO:0009986
P48048,GO:0010467
P48048,GO:0034702
P48048,GO:0034765
P48048,GO:1990573
P23219,GO:0001516
P23219,GO:0001750
P23219,GO:0004601
P23219,GO:0004666
P23219,GO:0005737
P23219,GO:0005788
P23219,GO:0005789
P23219,GO:0006979
P23219,GO:0008217
P23219,GO:0016702
P23219,GO:0019371
P23219,GO:0020037
P23219,GO:0043005
P23219,GO:0046872
P23219,GO:0070062
P21802,GO:0000122
P21802,GO:0001525
P21802,GO:0001657
P21802,GO:0001701
P21802,GO:0001837
P21802,GO:0002053
P21802,GO:0003148
P21802,GO:0003149
P21802,GO:0003416
P21802,GO:0004713
P21802,GO:0005007
P21802,GO:0005524
P21802,GO:0005576
P21802,GO:0005634
P21802,GO:0005737
P21802,GO:0005794
P21802,GO:0005886
P21802,GO:0005938
P21802,GO:0006915
P21802,GO:0007267
P21802,GO:0007409
P21802,GO:0008201
P21802,GO:0008284
P21802,GO:0008543
P21802,GO:0008589
P21802,GO:0009791
P21802,GO:0009880
P21802,GO:0009887
P21802,GO:0009986
P21802,GO:0010518
P21802,GO:0010839
P21802,GO:0016020
P21802,GO:0016331
P21802,GO:0017134
P21802,GO:0018108
P21802,GO:0021769
P21802,GO:0021847
P21802,GO:0021860
P21802,GO:0022612
P21802,GO:0030177
P21802,GO:0030282
P21802,GO:0030324
P21802,GO:0030855
P21802,GO:0030901
P21802,GO:0030916
P21802,GO:0031069
P21802,GO:0031410
P21802,GO:0032496
P21802,GO:0032808
P21802,GO:0033688
P21802,GO:0035265
P21802,GO:0035602
P21802,GO:0035603
P21802,GO:0035604
P21802,GO:0035607
P21802,GO:0042472
P21802,GO:0042476
P21802,GO:0042802
P21802,GO:0042803
P21802,GO:0043235
P21802,GO:0043410
P21802,GO:0045165
P21802,GO:0045471
P21802,GO:0045667
P21802,GO:0045787
P21802,GO:0045944
P21802,GO:0046777
P21802,GO:0048286
P21802,GO:0048333
P21802,GO:0048557
P21802,GO:0048562
P21802,GO:0048565
P21802,GO:0048568
P21802,GO:0048608
P21802,GO:0048701
P21802,GO:0048705
P21802,GO:0048730
P21802,GO:0048755
P21802,GO:0048762
P21802,GO:0050679
P21802,GO:0051150
P21802,GO:0051781
P21802,GO:0055010
P21802,GO:0060045
P21802,GO:0060076
P21802,GO:0060174
P21802,GO:0060348
P21802,GO:0060349
P21802,GO:0060442
P21802,GO:0060445
P21802,GO:0060449
P21802,GO:0060463
P21802,GO:0060484
P21802,GO:0060501
P21802,GO:0060512
P21802,GO:0060523
P21802,GO:0060527
P21802,GO:0060529
P21802,GO:0060601
P21802,GO:0060615
P21802,GO:0060664
P21802,GO:0060667
P21802,GO:0060670
P21802,GO:0060688
P21802,GO:0060915
P21802,GO:0060916
P21802,GO:0070372
P21802,GO:0070374
P21802,GO:0071300
P21802,GO:0071456
P21802,GO:0071560
P21802,GO:0090263
P21802,GO:1904707
P27815,GO:0004115
P27815,GO:0005829
P27815,GO:0005886
P27815,GO:0006198
P27815,GO:0007165
P27815,GO:0007186
P27815,GO:0016020
P27815,GO:0019898
P27815,GO:0030552
P27815,GO:0032587
P27815,GO:0046872
P27815,GO:0047555
P27815,GO:0048471
P27815,GO:0141162
P49019,GO:0004930
P49019,GO:0005886
P49019,GO:0007186
P49019,GO:0007193
P49019,GO:0050995
P49019,GO:0070553
P50416,GO:0001666
P50416,GO:0001676
P50416,GO:0004095
P50416,GO:0005739
P50416,GO:0005741
P50416,GO:0006006
P50416,GO:0006631
P50416,GO:0006635
P50416,GO:0006641
P50416,GO:0006853
P50416,GO:0007584
P50416,GO:0009410
P50416,GO:0009437
P50416,GO:0016020
P50416,GO:0030674
P50416,GO:0030855
P50416,GO:0032000
P50416,GO:0042755
P50416,GO:0042802
P50416,GO:0043279
P50416,GO:0045089
P50416,GO:0045471
P50416,GO:0050796
P50416,GO:0071398
P50416,GO:0097421
P50416,GO:1904772
P54855,GO:0005789
P54855,GO:0006805
P54855,GO:0008202
P54855,GO:0008210
P54855,GO:0015020
P78508,GO:0005242
P78508,GO:0005524
P78508,GO:0005886
P78508,GO:0006813
P78508,GO:0015272
P78508,GO:0016323
P78508,GO:0034702
P78508,GO:0035865
P78508,GO:0044297
P78508,GO:0071805
P78508,GO:0097449
P78508,GO:0097546
P78508,GO:1905515
P78508,GO:1990573
P98066,GO:0001550
P98066,GO:0001968
P98066,GO:0005509
P98066,GO:0005540
P98066,GO:0005576
P98066,GO:0005615
P98066,GO:0006954
P98066,GO:0007155
P98066,GO:0007165
P98066,GO:0007267
P98066,GO:0030212
P98066,GO:0030335
P98066,GO:0030514
P98066,GO:0045668
P98066,GO:0045671
P98066,GO:0050728
P98066,GO:0090024
P98066,GO:0106435
P98066,GO:1903911
P98066,GO:1904724
P98066,GO:1904813
P98066,GO:1905590
Q02108,GO:0004383
Q02108,GO:0005525
Q02108,GO:0005654
Q02108,GO:0005829
Q02108,GO:0006182
Q02108,GO:0007263
Q02108,GO:0008015
Q02108,GO:0008074
Q02108,GO:0020037
Q02108,GO:0038023
Q02108,GO:0038060
Q02108,GO:0070482
Q02108,GO:0098925
Q02108,GO:0098978
Q02108,GO:0098982
Q13698,GO:0005245
Q13698,GO:0005516
Q13698,GO:0005737
Q13698,GO:0005886
Q13698,GO:0005891
Q13698,GO:0006816
Q13698,GO:0006936
Q13698,GO:0008331
Q13698,GO:0016529
Q13698,GO:0030315
Q13698,GO:0031674
Q13698,GO:0036094
Q13698,GO:0045933
Q13698,GO:0046872
Q13698,GO:0051209
Q13698,GO:0070588
Q13698,GO:0071313
Q13698,GO:0098703
Q13698,GO:0140677
Q13698,GO:1990454
Q8TD43,GO:0002250
Q8TD43,GO:0002407
Q8TD43,GO:0002724
Q8TD43,GO:0005227
Q8TD43,GO:0005262
Q8TD43,GO:0005272
Q8TD43,GO:0005509
Q8TD43,GO:0005516
Q8TD43,GO:0005524
Q8TD43,GO:0005783
Q8TD43,GO:0005794
Q8TD43,GO:0005886
Q8TD43,GO:0007204
Q8TD43,GO:0008284
Q8TD43,GO:0010460
Q8TD43,GO:0016020
Q8TD43,GO:0016925
Q8TD43,GO:0019722
Q8TD43,GO:0030001
Q8TD43,GO:0030502
Q8TD43,GO:0034706
Q8TD43,GO:0035774
Q8TD43,GO:0042802
Q8TD43,GO:0043025
Q8TD43,GO:0045600
Q8TD43,GO:0045668
Q8TD43,GO:0045907
Q8TD43,GO:0051289
Q8TD43,GO:0055085
Q8TD43,GO:0070588
Q8TD43,GO:0071318
Q8TD43,GO:0086045
Q8TD43,GO:0086047
Q8TD43,GO:0086048
Q8TD43,GO:0086091
Q8TD43,GO:0090263
Q8TD43,GO:0098655
Q8TD43,GO:0098719
Q8TD43,GO:0098911
Q8TD43,GO:1903949
Q8TD43,GO:1904179
Q8TD43,GO:1904199
P51589,GO:0004497
P51589,GO:0005506
P51589,GO:0005737
P51589,GO:0005789
P51589,GO:0006082
P51589,GO:0006631
P51589,GO:0006690
P51589,GO:0006805
P51589,GO:0008016
P51589,GO:0008392
P51589,GO:0008404
P51589,GO:0008405
P51589,GO:0016712
P51589,GO:0016853
P51589,GO:0019373
P51589,GO:0020037
P51589,GO:0043651
P51589,GO:0070062
P51589,GO:0071614
P51589,GO:0106255
P51589,GO:0106301
P54750,GO:0004117
P54750,GO:0005516
P54750,GO:0005829
P54750,GO:0007165
P54750,GO:0034391
P54750,GO:0043025
P54750,GO:0046069
P54750,GO:0046872
P54750,GO:0048101
P54750,GO:0048660
P54750,GO:0141162
Q00975,GO:0001540
Q00975,GO:0005245
Q00975,GO:0005509
Q00975,GO:0005524
Q00975,GO:0005886
Q00975,GO:0005891
Q00975,GO:0007268
Q00975,GO:0008331
Q00975,GO:0043025
Q00975,GO:0045202
Q00975,GO:0050804
Q00975,GO:0098703
Q00975,GO:1903235
Q00975,GO:1904645
Q07869,GO:0000122
Q07869,GO:0000785
Q07869,GO:0000978
Q07869,GO:0000981
Q07869,GO:0001216
Q07869,GO:0001223
Q07869,GO:0001227
Q07869,GO:0001228
Q07869,GO:0001650
Q07869,GO:0001666
Q07869,GO:0003677
Q07869,GO:0003700
Q07869,GO:0003707
Q07869,GO:0004879
Q07869,GO:0005634
Q07869,GO:0005654
Q07869,GO:0006351
Q07869,GO:0006631
Q07869,GO:0007507
Q07869,GO:0007584
Q07869,GO:0007595
Q07869,GO:0008270
Q07869,GO:0008289
Q07869,GO:0009267
Q07869,GO:0009755
Q07869,GO:0010565
Q07869,GO:0010745
Q07869,GO:0010887
Q07869,GO:0016604
Q07869,GO:0019217
Q07869,GO:0019902
Q07869,GO:0019904
Q07869,GO:0030154
Q07869,GO:0030512
Q07869,GO:0030522
Q07869,GO:0031435
Q07869,GO:0031624
Q07869,GO:0032000
Q07869,GO:0032099
Q07869,GO:0032868
Q07869,GO:0032922
Q07869,GO:0035095
Q07869,GO:0035357
Q07869,GO:0042157
Q07869,GO:0042752
Q07869,GO:0043565
Q07869,GO:0044877
Q07869,GO:0045471
Q07869,GO:0045776
Q07869,GO:0045820
Q07869,GO:0045893
Q07869,GO:0045923
Q07869,GO:0045944
Q07869,GO:0046209
Q07869,GO:0046321
Q07869,GO:0046889
Q07869,GO:0050728
Q07869,GO:0051525
Q07869,GO:0051607
Q07869,GO:0051898
Q07869,GO:0061052
Q07869,GO:0061629
Q07869,GO:0071332
Q07869,GO:0090575
Q07869,GO:0097371
Q07869,GO:1900016
Q07869,GO:1902894
Q07869,GO:1903038
Q07869,GO:1903427
Q07869,GO:1903944
Q07869,GO:2000191
Q07869,GO:2001171
Q14697,GO:0003723
Q14697,GO:0005783
Q14697,GO:0005788
Q14697,GO:0005794
Q14697,GO:0005975
Q14697,GO:0006491
Q14697,GO:0016020
Q14697,GO:0017177
Q14697,GO:0030246
Q14697,GO:0033919
Q14697,GO:0042470
Q14697,GO:0043231
Q14697,GO:0070062
Q14697,GO:0090599
Q14697,GO:0106407
Q15166,GO:0004063
Q15166,GO:0004064
Q15166,GO:0005576
Q15166,GO:0005615
Q15166,GO:0005789
Q15166,GO:0009636
Q15166,GO:0032929
Q15166,GO:0042803
Q15166,GO:0046395
Q15166,GO:0046872
Q15166,GO:0070062
Q15166,GO:0102007
Q15166,GO:1901335
Q15166,GO:2001038
P51812,GO:0000287
P51812,GO:0001501
P51812,GO:0002224
P51812,GO:0004672
P51812,GO:0004674
P51812,GO:0004711
P51812,GO:0005524
P51812,GO:0005654
P51812,GO:0005730
P51812,GO:0005737
P51812,GO:0005829
P51812,GO:0006355
P51812,GO:0007165
P51812,GO:0007268
P51812,GO:0007417
P51812,GO:0019901
P51812,GO:0030307
P51812,GO:0032496
P51812,GO:0038202
P51812,GO:0043066
P51812,GO:0043555
P51812,GO:0045202
P51812,GO:0045597
P51812,GO:0045944
P51812,GO:0106310
P63252,GO:0005242
P63252,GO:0005546
P63252,GO:0005886
P63252,GO:0006813
P63252,GO:0008076
P63252,GO:0014704
P63252,GO:0014861
P63252,GO:0016020
P63252,GO:0030007
P63252,GO:0030315
P63252,GO:0042802
P63252,GO:0043025
P63252,GO:0043197
P63252,GO:0045211
P63252,GO:0051289
P63252,GO:0055119
P63252,GO:0060075
P63252,GO:0060306
P63252,GO:0071260
P63252,GO:0071805
P63252,GO:0086002
P63252,GO:0086004
P63252,GO:0086008
P63252,GO:0086011
P63252,GO:0086012
P63252,GO:0086013
P63252,GO:0086091
P63252,GO:0090076
P63252,GO:0098978
P63252,GO:1901381
P63252,GO:1990573
Q13131,GO:0000785
Q13131,GO:0001666
Q13131,GO:0002842
Q13131,GO:0003682
Q13131,GO:0004672
Q13131,GO:0004674
Q13131,GO:0004679
Q13131,GO:0004691
Q13131,GO:0005524
Q13131,GO:0005634
Q13131,GO:0005654
Q13131,GO:0005737
Q13131,GO:0005788
Q13131,GO:0005829
Q13131,GO:0006351
Q13131,GO:0006633
Q13131,GO:0006695
Q13131,GO:0006914
Q13131,GO:0007165
Q13131,GO:0008284
Q13131,GO:0008610
Q13131,GO:0009267
Q13131,GO:0009411
Q13131,GO:0009631
Q13131,GO:0010332
Q13131,GO:0010508
Q13131,GO:0010629
Q13131,GO:0014823
Q13131,GO:0016055
Q13131,GO:0016324
Q13131,GO:0016607
Q13131,GO:0030424
Q13131,GO:0030425
Q13131,GO:0031000
Q13131,GO:0031588
Q13131,GO:0031669
Q13131,GO:0032007
Q13131,GO:0033554
Q13131,GO:0034599
Q13131,GO:0036064
Q13131,GO:0042149
Q13131,GO:0042593
Q13131,GO:0042752
Q13131,GO:0043025
Q13131,GO:0043066
Q13131,GO:0043114
Q13131,GO:0043627
Q13131,GO:0044877
Q13131,GO:0045542
Q13131,GO:0045821
Q13131,GO:0045893
Q13131,GO:0046318
Q13131,GO:0046627
Q13131,GO:0046872
Q13131,GO:0047322
Q13131,GO:0048156
Q13131,GO:0048511
Q13131,GO:0050321
Q13131,GO:0050870
Q13131,GO:0050995
Q13131,GO:0055089
Q13131,GO:0060627
Q13131,GO:0061744
Q13131,GO:0061762
Q13131,GO:0062028
Q13131,GO:0070050
Q13131,GO:0070301
Q13131,GO:0070507
Q13131,GO:0071277
Q13131,GO:0071333
Q13131,GO:0071361
Q13131,GO:0071456
Q13131,GO:0071466
Q13131,GO:0072657
Q13131,GO:0072659
Q13131,GO:0097009
Q13131,GO:0106310
Q13131,GO:0110076
Q13131,GO:0140823
Q13131,GO:1903109
Q13131,GO:1903829
Q13131,GO:1903944
Q13131,GO:1903955
Q13131,GO:1904179
Q13131,GO:1904262
Q13131,GO:1905691
Q13131,GO:1990044
Q13621,GO:0005886
Q13621,GO:0006884
Q13621,GO:0008511
Q13621,GO:0016020
Q13621,GO:0016324
Q13621,GO:0034220
Q13621,GO:0035725
Q13621,GO:0055064
Q13621,GO:0055075
Q13621,GO:0055078
Q13621,GO:0070062
Q13621,GO:0070634
Q13621,GO:0097272
Q13621,GO:1902476
Q13621,GO:1990573
Q13621,GO:7770002
Q92769,GO:0000118
Q92769,GO:0000122
Q92769,GO:0000781
Q92769,GO:0000785
Q92769,GO:0001221
Q92769,GO:0001975
Q92769,GO:0003300
Q92769,GO:0003682
Q92769,GO:0003723
Q92769,GO:0004407
Q92769,GO:0005634
Q92769,GO:0005654
Q92769,GO:0005737
Q92769,GO:0006338
Q92769,GO:0006351
Q92769,GO:0008284
Q92769,GO:0009410
Q92769,GO:0009913
Q92769,GO:0010718
Q92769,GO:0010944
Q92769,GO:0010977
Q92769,GO:0016358
Q92769,GO:0016581
Q92769,GO:0019899
Q92769,GO:0030336
Q92769,GO:0030512
Q92769,GO:0031000
Q92769,GO:0031072
Q92769,GO:0031507
Q92769,GO:0032496
Q92769,GO:0032732
Q92769,GO:0032760
Q92769,GO:0032922
Q92769,GO:0032991
Q92769,GO:0033148
Q92769,GO:0033558
Q92769,GO:0034605
Q92769,GO:0035094
Q92769,GO:0035098
Q92769,GO:0042220
Q92769,GO:0042393
Q92769,GO:0042475
Q92769,GO:0042659
Q92769,GO:0042733
Q92769,GO:0042826
Q92769,GO:0043066
Q92769,GO:0045862
Q92769,GO:0045892
Q92769,GO:0045893
Q92769,GO:0045944
Q92769,GO:0045995
Q92769,GO:0048149
Q92769,GO:0048714
Q92769,GO:0050847
Q92769,GO:0051059
Q92769,GO:0055093
Q92769,GO:0060789
Q92769,GO:0061000
Q92769,GO:0061029
Q92769,GO:0061198
Q92769,GO:0061629
Q92769,GO:0070301
Q92769,GO:0070822
Q92769,GO:0071300
Q92769,GO:0071560
Q92769,GO:0141221
Q92769,GO:0160009
Q92769,GO:0160010
Q92769,GO:0160216
Q92769,GO:1902437
Q92769,GO:1902455
Q92769,GO:1902459
Q92769,GO:1903351
Q92769,GO:1904645
Q92769,GO:1990841
Q92769,GO:2000736
P52895,GO:0004032
P52895,GO:0004303
P52895,GO:0005829
P52895,GO:0006693
P52895,GO:0007186
P52895,GO:0007586
P52895,GO:0008202
P52895,GO:0008284
P52895,GO:0016655
P52895,GO:0030855
P52895,GO:0031406
P52895,GO:0032052
P52895,GO:0036131
P52895,GO:0042448
P52895,GO:0044597
P52895,GO:0044598
P52895,GO:0047023
P52895,GO:0047045
P52895,GO:0047086
P52895,GO:0047115
P52895,GO:0047718
P52895,GO:0051897
P52895,GO:0071395
P52895,GO:0071799
P52895,GO:0140169
P53396,GO:0003878
P53396,GO:0005524
P53396,GO:0005576
P53396,GO:0005829
P53396,GO:0006085
P53396,GO:0006101
P53396,GO:0006107
P53396,GO:0006633
P53396,GO:0006695
P53396,GO:0008610
P53396,GO:0015936
P53396,GO:0016020
P53396,GO:0035578
P53396,GO:0046872
P53396,GO:0070062
P53396,GO:0110076
P53396,GO:1904813
P55017,GO:0005524
P55017,GO:0005829
P55017,GO:0005886
P55017,GO:0006814
P55017,GO:0006884
P55017,GO:0008511
P55017,GO:0015378
P55017,GO:0016020
P55017,GO:0016324
P55017,GO:0035725
P55017,GO:0055064
P55017,GO:0055075
P55017,GO:0055078
P55017,GO:0070062
P55017,GO:0070294
P55017,GO:1902074
P55017,GO:1902476
P55017,GO:1904044
P55017,GO:1990573
Q02153,GO:0004016
Q02153,GO:0004383
Q02153,GO:0005525
Q02153,GO:0005829
Q02153,GO:0006182
Q02153,GO:0007263
Q02153,GO:0008015
Q02153,GO:0008074
Q02153,GO:0020037
Q02153,GO:0038023
Q02153,GO:0038060
Q02153,GO:0044877
Q02153,GO:0046872
Q02153,GO:0047805
Q02153,GO:0051879
Q02153,GO:0070026
Q02153,GO:0070482
Q02153,GO:0071732
Q02153,GO:0098831
Q02153,GO:0098978
Q02641,GO:0005245
Q02641,GO:0005246
Q02641,GO:0005886
Q02641,GO:0005891
Q02641,GO:0006816
Q02641,GO:0007268
Q02641,GO:0008331
Q02641,GO:0030315
Q02641,GO:0045202
Q02641,GO:0045933
Q02641,GO:0070588
Q02641,GO:1902514
Q02641,GO:1904646
Q04828,GO:0000253
Q04828,GO:0001523
Q04828,GO:0004032
Q04828,GO:0004303
Q04828,GO:0005783
Q04828,GO:0005829
Q04828,GO:0006693
Q04828,GO:0006805
Q04828,GO:0007586
Q04828,GO:0008106
Q04828,GO:0008206
Q04828,GO:0015721
Q04828,GO:0016655
Q04828,GO:0030299
Q04828,GO:0030855
Q04828,GO:0031406
Q04828,GO:0032052
Q04828,GO:0033703
Q04828,GO:0033764
Q04828,GO:0042448
Q04828,GO:0042574
Q04828,GO:0042632
Q04828,GO:0044597
Q04828,GO:0044598
Q04828,GO:0047006
Q04828,GO:0047023
Q04828,GO:0047024
Q04828,GO:0047044
Q04828,GO:0047045
Q04828,GO:0047086
Q04828,GO:0047115
Q04828,GO:0047718
Q04828,GO:0070062
Q04828,GO:0071395
Q04828,GO:0140169
Q04828,GO:2000379
Q12809,GO:0000976
Q12809,GO:0003064
Q12809,GO:0005242
Q12809,GO:0005249
Q12809,GO:0005251
Q12809,GO:0005886
Q12809,GO:0006813
Q12809,GO:0008076
Q12809,GO:0009986
Q12809,GO:0031625
Q12809,GO:0042391
Q12809,GO:0042802
Q12809,GO:0042803
Q12809,GO:0045893
Q12809,GO:0048471
Q12809,GO:0055075
Q12809,GO:0060048
Q12809,GO:0060306
Q12809,GO:0060307
Q12809,GO:0071466
Q12809,GO:0071805
Q12809,GO:0086005
Q12809,GO:0086009
Q12809,GO:0086010
Q12809,GO:0086011
Q12809,GO:0086013
Q12809,GO:0086091
Q12809,GO:0097110
Q12809,GO:0097623
Q12809,GO:0098915
Q12809,GO:1901379
Q12809,GO:1901380
Q12809,GO:1901381
Q12809,GO:1902282
Q12809,GO:1902937
Q12809,GO:1903765
Q12809,GO:1990573
Q14654,GO:0005249
Q14654,GO:0005524
Q14654,GO:0005737
Q14654,GO:0005886
Q14654,GO:0006006
Q14654,GO:0008282
Q14654,GO:0009410
Q14654,GO:0015272
Q14654,GO:0019829
Q14654,GO:0030315
Q14654,GO:0030506
Q14654,GO:0030955
Q14654,GO:0033198
Q14654,GO:0042391
Q14654,GO:0044325
Q14654,GO:0046676
Q14654,GO:0050796
Q14654,GO:0050877
Q14654,GO:0055085
Q14654,GO:0071805
Q14654,GO:0099508
Q14654,GO:1990573
Q16134,GO:0004174
Q16134,GO:0005739
Q16134,GO:0005743
Q16134,GO:0006979
Q16134,GO:0009055
Q16134,GO:0016491
Q16134,GO:0022900
Q16134,GO:0022904
Q16134,GO:0031966
Q16134,GO:0033539
Q16134,GO:0046872
Q16134,GO:0048038
Q16134,GO:0048039
Q16134,GO:0050660
Q16134,GO:0051539
Q8IZS8,GO:0005245
Q8IZS8,GO:0005891
Q8IZS8,GO:0046872
Q8IZS8,GO:0048787
Q8IZS8,GO:0098982
Q8IZS8,GO:0099174
Q8IZS8,GO:1990314
P52209,GO:0004616
P52209,GO:0005634
P52209,GO:0005829
P52209,GO:0006098
P52209,GO:0009051
P52209,GO:0019521
P52209,GO:0030246
P52209,GO:0031406
P52209,GO:0050661
P52209,GO:0070062
P63316,GO:0002086
P63316,GO:0003009
P63316,GO:0005509
P63316,GO:0005829
P63316,GO:0005861
P63316,GO:0006937
P63316,GO:0010038
P63316,GO:0030017
P63316,GO:0030049
P63316,GO:0031013
P63316,GO:0031014
P63316,GO:0032780
P63316,GO:0032972
P63316,GO:0042803
P63316,GO:0048306
P63316,GO:0051015
P63316,GO:0055010
P63316,GO:0060048
P63316,GO:0086003
P63316,GO:1990584
Q15274,GO:0004514
Q15274,GO:0005737
Q15274,GO:0005829
Q15274,GO:0009435
Q15274,GO:0034213
Q15274,GO:0034354
Q15274,GO:0042802
Q15274,GO:0070062
Q15274,GO:1902494
Q8TDS4,GO:0001781
Q8TDS4,GO:0005886
Q8TDS4,GO:0007186
Q8TDS4,GO:0030054
Q8TDS4,GO:0033031
Q8TDS4,GO:0050995
Q8TDS4,GO:0070165
Q8TDS4,GO:0070553
Q96PD7,GO:0003846
Q96PD7,GO:0004144
Q96PD7,GO:0005739
Q96PD7,GO:0005783
Q96PD7,GO:0005789
Q96PD7,GO:0005811
Q96PD7,GO:0006071
Q96PD7,GO:0006640
Q96PD7,GO:0006651
Q96PD7,GO:0007584
Q96PD7,GO:0010867
Q96PD7,GO:0016020
Q96PD7,GO:0019432
Q96PD7,GO:0019915
Q96PD7,GO:0034383
Q96PD7,GO:0035336
Q96PD7,GO:0035356
Q96PD7,GO:0042632
Q96PD7,GO:0042803
Q96PD7,GO:0045722
Q96PD7,GO:0046322
Q96PD7,GO:0046339
Q96PD7,GO:0048471
Q96PD7,GO:0050252
Q96PD7,GO:0050746
Q96PD7,GO:0055089
Q96PD7,GO:0060613
Q96PD7,GO:0071400
Q96PD7,GO:0090181
Q96PD7,GO:0097006
Q96PD7,GO:1990578
Q99519,GO:0004308
Q99519,GO:0005576
Q99519,GO:0005737
Q99519,GO:0005764
Q99519,GO:0005765
Q99519,GO:0005886
Q99519,GO:0006689
Q99519,GO:0009313
Q99519,GO:0016020
Q99519,GO:0016997
Q99519,GO:0030054
Q99519,GO:0035580
Q99519,GO:0043202
Q99519,GO:0070062
Q01064,GO:0004115
Q01064,GO:0004117
Q01064,GO:0005516
Q01064,GO:0005829
Q01064,GO:0007165
Q01064,GO:0030224
Q01064,GO:0036006
Q01064,GO:0043025
Q01064,GO:0046872
Q01064,GO:0047555
Q01064,GO:0048101
Q01064,GO:0097011
Q01064,GO:0141162
Q01668,GO:0005245
Q01668,GO:0005262
Q01668,GO:0005886
Q01668,GO:0005891
Q01668,GO:0006816
Q01668,GO:0007188
Q01668,GO:0007605
Q01668,GO:0030018
Q01668,GO:0030506
Q01668,GO:0045762
Q01668,GO:0046872
Q01668,GO:0051393
Q01668,GO:0051928
Q01668,GO:0060372
Q01668,GO:0070509
Q01668,GO:0070588
Q01668,GO:0086002
Q01668,GO:0086007
Q01668,GO:0086012
Q01668,GO:0086046
Q01668,GO:0086059
Q01668,GO:0086091
Q01668,GO:0098703
Q01668,GO:1901379
Q01668,GO:1990454
Q14524,GO:0001518
Q14524,GO:0002027
Q14524,GO:0003161
Q14524,GO:0003231
Q14524,GO:0003360
Q14524,GO:0005248
Q14524,GO:0005516
Q14524,GO:0005783
Q14524,GO:0005886
Q14524,GO:0005901
Q14524,GO:0006814
Q14524,GO:0009986
Q14524,GO:0010765
Q14524,GO:0014704
Q14524,GO:0014894
Q14524,GO:0016020
Q14524,GO:0016328
Q14524,GO:0017134
Q14524,GO:0019899
Q14524,GO:0019901
Q14524,GO:0019904
Q14524,GO:0021537
Q14524,GO:0021549
Q14524,GO:0030018
Q14524,GO:0030315
Q14524,GO:0030506
Q14524,GO:0031625
Q14524,GO:0035725
Q14524,GO:0042383
Q14524,GO:0042475
Q14524,GO:0044325
Q14524,GO:0045760
Q14524,GO:0048471
Q14524,GO:0050679
Q14524,GO:0050998
Q14524,GO:0051899
Q14524,GO:0060048
Q14524,GO:0060307
Q14524,GO:0060371
Q14524,GO:0060372
Q14524,GO:0060373
Q14524,GO:0071277
Q14524,GO:0086002
Q14524,GO:0086004
Q14524,GO:0086005
Q14524,GO:0086006
Q14524,GO:0086010
Q14524,GO:0086012
Q14524,GO:0086014
Q14524,GO:0086015
Q14524,GO:0086016
Q14524,GO:0086043
Q14524,GO:0086045
Q14524,GO:0086046
Q14524,GO:0086047
Q14524,GO:0086048
Q14524,GO:0086060
Q14524,GO:0086061
Q14524,GO:0086062
Q14524,GO:0086063
Q14524,GO:0086067
Q14524,GO:0086091
Q14524,GO:0097110
Q14524,GO:0098912
Q14524,GO:1902305
Q16665,GO:0000302
Q16665,GO:0000785
Q16665,GO:0000791
Q16665,GO:0000977
Q16665,GO:0000978
Q16665,GO:0000981
Q16665,GO:0000987
Q16665,GO:0001216
Q16665,GO:0001217
Q16665,GO:0001222
Q16665,GO:0001223
Q16665,GO:0001228
Q16665,GO:0001666
Q16665,GO:0001678
Q16665,GO:0001837
Q16665,GO:0001938
Q16665,GO:0002039
Q16665,GO:0002248
Q16665,GO:0003700
Q16665,GO:0005634
Q16665,GO:0005654
Q16665,GO:0005667
Q16665,GO:0005737
Q16665,GO:0005829
Q16665,GO:0006110
Q16665,GO:0006351
Q16665,GO:0006355
Q16665,GO:0006357
Q16665,GO:0007165
Q16665,GO:0010039
Q16665,GO:0010468
Q16665,GO:0010573
Q16665,GO:0010575
Q16665,GO:0010628
Q16665,GO:0010629
Q16665,GO:0010634
Q16665,GO:0016604
Q16665,GO:0016607
Q16665,GO:0016922
Q16665,GO:0019896
Q16665,GO:0019899
Q16665,GO:0019901
Q16665,GO:0019904
Q16665,GO:0030279
Q16665,GO:0030949
Q16665,GO:0031514
Q16665,GO:0031625
Q16665,GO:0032364
Q16665,GO:0032722
Q16665,GO:0032909
Q16665,GO:0032963
Q16665,GO:0032991
Q16665,GO:0034599
Q16665,GO:0042826
Q16665,GO:0043536
Q16665,GO:0045648
Q16665,GO:0045766
Q16665,GO:0045821
Q16665,GO:0045893
Q16665,GO:0045944
Q16665,GO:0046886
Q16665,GO:0046982
Q16665,GO:0051541
Q16665,GO:0051879
Q16665,GO:0061629
Q16665,GO:0070101
Q16665,GO:0070888
Q16665,GO:0071347
Q16665,GO:0071456
Q16665,GO:0090575
Q16665,GO:0098586
Q16665,GO:0140537
Q16665,GO:1900017
Q16665,GO:1902894
Q16665,GO:1902895
Q16665,GO:1903377
Q16665,GO:1903427
Q16665,GO:1904115
Q16665,GO:2000434
P53805,GO:0003676
P53805,GO:0004864
P53805,GO:0005634
P53805,GO:0005737
P53805,GO:0007519
P53805,GO:0008597
P53805,GO:0009612
P53805,GO:0019722
P53805,GO:0042802
P53805,GO:0043627
P53805,GO:0051151
P53805,GO:0070885
Q09428,GO:0001678
Q09428,GO:0005267
Q09428,GO:0005524
Q09428,GO:0005886
Q09428,GO:0006813
Q09428,GO:0007565
Q09428,GO:0007613
Q09428,GO:0008281
Q09428,GO:0008282
Q09428,GO:0008542
Q09428,GO:0009268
Q09428,GO:0009410
Q09428,GO:0010043
Q09428,GO:0010989
Q09428,GO:0015272
Q09428,GO:0016525
Q09428,GO:0016887
Q09428,GO:0019829
Q09428,GO:0030672
Q09428,GO:0031004
Q09428,GO:0032496
Q09428,GO:0032760
Q09428,GO:0032868
Q09428,GO:0035774
Q09428,GO:0042383
Q09428,GO:0042734
Q09428,GO:0043268
Q09428,GO:0043531
Q09428,GO:0044325
Q09428,GO:0046676
Q09428,GO:0046872
Q09428,GO:0050796
Q09428,GO:0055085
Q09428,GO:0060253
Q09428,GO:0061855
Q09428,GO:0071805
Q09428,GO:0140359
Q09428,GO:1900721
Q09428,GO:1905075
Q09428,GO:1905604
Q09428,GO:1990573
Q8NBP7,GO:0001822
Q8NBP7,GO:0001889
Q8NBP7,GO:0001920
Q8NBP7,GO:0002091
Q8NBP7,GO:0002092
Q8NBP7,GO:0003723
Q8NBP7,GO:0004175
Q8NBP7,GO:0004252
Q8NBP7,GO:0005576
Q8NBP7,GO:0005615
Q8NBP7,GO:0005737
Q8NBP7,GO:0005764
Q8NBP7,GO:0005765
Q8NBP7,GO:0005769
Q8NBP7,GO:0005770
Q8NBP7,GO:0005783
Q8NBP7,GO:0005788
Q8NBP7,GO:0005794
Q8NBP7,GO:0005886
Q8NBP7,GO:0006915
Q8NBP7,GO:0007041
Q8NBP7,GO:0008203
Q8NBP7,GO:0009267
Q8NBP7,GO:0009986
Q8NBP7,GO:0010989
Q8NBP7,GO:0016540
Q8NBP7,GO:0019871
Q8NBP7,GO:0022008
Q8NBP7,GO:0030134
Q8NBP7,GO:0030169
Q8NBP7,GO:0030182
Q8NBP7,GO:0030547
Q8NBP7,GO:0031232
Q8NBP7,GO:0032802
Q8NBP7,GO:0032805
Q8NBP7,GO:0032869
Q8NBP7,GO:0034185
Q8NBP7,GO:0034189
Q8NBP7,GO:0034190
Q8NBP7,GO:0036020
Q8NBP7,GO:0042632
Q8NBP7,GO:0043523
Q8NBP7,GO:0043525
Q8NBP7,GO:0048471
Q8NBP7,GO:0050750
Q8NBP7,GO:0070326
Q8NBP7,GO:0141110
Q8NBP7,GO:1903783
Q8NBP7,GO:1905601
Q8NBP7,GO:1990666
Q8NBP7,GO:1990667
Q12791,GO:0001666
Q12791,GO:0003779
Q12791,GO:0005249
Q12791,GO:0005886
Q12791,GO:0005901
Q12791,GO:0006813
Q12791,GO:0006970
Q12791,GO:0008076
Q12791,GO:0015269
Q12791,GO:0016020
Q12791,GO:0016324
Q12791,GO:0030007
Q12791,GO:0034465
Q12791,GO:0042311
Q12791,GO:0042391
Q12791,GO:0042802
Q12791,GO:0043065
Q12791,GO:0045211
Q12791,GO:0045794
Q12791,GO:0046872
Q12791,GO:0051592
Q12791,GO:0060072
Q12791,GO:0060073
Q12791,GO:0060083
Q12791,GO:0071805
Q92736,GO:0001666
Q92736,GO:0002027
Q92736,GO:0003143
Q92736,GO:0003220
Q92736,GO:0003300
Q92736,GO:0005219
Q92736,GO:0005262
Q92736,GO:0005509
Q92736,GO:0005513
Q92736,GO:0005516
Q92736,GO:0005790
Q92736,GO:0005886
Q92736,GO:0006816
Q92736,GO:0006874
Q92736,GO:0006941
Q92736,GO:0010460
Q92736,GO:0010881
Q92736,GO:0010882
Q92736,GO:0014701
Q92736,GO:0014808
Q92736,GO:0014850
Q92736,GO:0015278
Q92736,GO:0016020
Q92736,GO:0016529
Q92736,GO:0019722
Q92736,GO:0019899
Q92736,GO:0030018
Q92736,GO:0031000
Q92736,GO:0032991
Q92736,GO:0033017
Q92736,GO:0034236
Q92736,GO:0034237
Q92736,GO:0034704
Q92736,GO:0035994
Q92736,GO:0042383
Q92736,GO:0042802
Q92736,GO:0043924
Q92736,GO:0044325
Q92736,GO:0048763
Q92736,GO:0051209
Q92736,GO:0051480
Q92736,GO:0051775
Q92736,GO:0055117
Q92736,GO:0060048
Q92736,GO:0060402
Q92736,GO:0070296
Q92736,GO:0071313
Q92736,GO:0071872
Q92736,GO:0086005
Q92736,GO:0086029
Q92736,GO:0086064
Q92736,GO:0097050
Q92736,GO:0098735
Q92736,GO:0098904
Q92736,GO:0098907
Q92736,GO:0098910
Q92736,GO:0098911
Q96FL8,GO:0005886
Q96FL8,GO:0006855
Q96FL8,GO:0015179
Q96FL8,GO:0015234
Q96FL8,GO:0015297
Q96FL8,GO:0015489
Q96FL8,GO:0015695
Q96FL8,GO:0015837
Q96FL8,GO:0015847
Q96FL8,GO:0016020
Q96FL8,GO:0016323
Q96FL8,GO:0016324
Q96FL8,GO:0022857
Q96FL8,GO:0042908
Q96FL8,GO:0042910
Q96FL8,GO:0061459
Q96FL8,GO:0089718
Q96FL8,GO:0097638
Q96FL8,GO:0140968
Q96FL8,GO:1902475
Q96FL8,GO:1990961
P54289,GO:0005245
P54289,GO:0005886
P54289,GO:0005891
P54289,GO:0006816
P54289,GO:0016529
P54289,GO:0035774
P54289,GO:0046872
P54289,GO:0048787
P54289,GO:0051924
P54289,GO:0060307
P54289,GO:0060402
P54289,GO:0061577
P54289,GO:0070062
P54289,GO:0086002
P54289,GO:0086048
P54289,GO:0086091
P54289,GO:0098703
P54289,GO:0098903
P54289,GO:0098982
P54289,GO:0098992
P54289,GO:1902514
P54289,GO:1904646
P54289,GO:1990454
Q14994,GO:0000122
Q14994,GO:0000785
Q14994,GO:0000977
Q14994,GO:0000978
Q14994,GO:0000981
Q14994,GO:0001228
Q14994,GO:0001649
Q14994,GO:0003700
Q14994,GO:0004879
Q14994,GO:0005634
Q14994,GO:0005654
Q14994,GO:0005737
Q14994,GO:0005829
Q14994,GO:0005856
Q14994,GO:0006351
Q14994,GO:0007165
Q14994,GO:0008270
Q14994,GO:0030154
Q14994,GO:0030522
Q14994,GO:0045944
Q14994,GO:1990837
Q08289,GO:0005245
Q08289,GO:0005262
Q08289,GO:0005886
Q08289,GO:0005891
Q08289,GO:0006816
Q08289,GO:0007268
Q08289,GO:0007528
Q08289,GO:0030315
Q08289,GO:0045933
Q08289,GO:0051015
Q08289,GO:0051928
Q08289,GO:0070509
Q08289,GO:0070588
Q08289,GO:0072659
Q08289,GO:0086045
Q08289,GO:0086091
Q08289,GO:0098684
Q08289,GO:0098793
Q08289,GO:0098912
Q08289,GO:0099626
Q08289,GO:1904879
Q08289,GO:1990454
Q13936,GO:0002520
Q13936,GO:0005245
Q13936,GO:0005516
Q13936,GO:0005737
Q13936,GO:0005886
Q13936,GO:0005891
Q13936,GO:0007204
Q13936,GO:0007507
Q13936,GO:0008331
Q13936,GO:0010881
Q13936,GO:0014069
Q13936,GO:0016020
Q13936,GO:0030018
Q13936,GO:0030425
Q13936,GO:0035115
Q13936,GO:0043010
Q13936,GO:0043204
Q13936,GO:0045762
Q13936,GO:0045933
Q13936,GO:0046872
Q13936,GO:0051393
Q13936,GO:0060402
Q13936,GO:0061337
Q13936,GO:0061577
Q13936,GO:0070588
Q13936,GO:0086002
Q13936,GO:0086007
Q13936,GO:0086012
Q13936,GO:0086045
Q13936,GO:0086056
Q13936,GO:0086064
Q13936,GO:0086091
Q13936,GO:0098703
Q13936,GO:0098839
Q13936,GO:0098911
Q13936,GO:0098912
Q13936,GO:1990454
Q8TET4,GO:0004558
Q8TET4,GO:0005975
Q8TET4,GO:0006491
Q8TET4,GO:0030246
Q9H244,GO:0001609
Q9H244,GO:0001621
Q9H244,GO:0005085
Q9H244,GO:0005886
Q9H244,GO:0006930
Q9H244,GO:0007186
Q9H244,GO:0007193
Q9H244,GO:0007200
Q9H244,GO:0007599
Q9H244,GO:0009986
Q9H244,GO:0016020
Q9H244,GO:0019722
Q9H244,GO:0021801
Q9H244,GO:0030030
Q9H244,GO:0030032
Q9H244,GO:0030168
Q9H244,GO:0031253
Q9H244,GO:0033626
Q9H244,GO:0033630
Q9H244,GO:0044298
Q9H244,GO:0045028
Q9H244,GO:0048678
Q9H244,GO:0050920
Q9H244,GO:0050921
Q9H244,GO:0051897
Q9H244,GO:0070527
Q9H244,GO:0071318
Q9H244,GO:0150063
Q9H244,GO:1900029
Q9H244,GO:1904139
Q9H244,GO:1904141
Q9H252,GO:0005242
Q9H252,GO:0005886
Q9H252,GO:0034702
Q9H252,GO:0060307
Q9H252,GO:0071805
Q9H252,GO:0086013
Q9H252,GO:0086091
Q9NPA2,GO:0004222
Q9NPA2,GO:0005615
Q9NPA2,GO:0005886
Q9NPA2,GO:0006508
Q9NPA2,GO:0006954
Q9NPA2,GO:0008270
Q9NPA2,GO:0016020
Q9NPA2,GO:0030198
Q9NPA2,GO:0030574
Q9NPA2,GO:0031012
Q9NPA2,GO:0035579
Q9NPA2,GO:0098552
Q9Y478,GO:0005634
Q9Y478,GO:0005654
Q9Y478,GO:0005737
Q9Y478,GO:0005788
Q9Y478,GO:0005829
Q9Y478,GO:0006633
Q9Y478,GO:0007165
Q9Y478,GO:0019901
Q9Y478,GO:0031588
Q9Y478,GO:0031669
Q9Y478,GO:0120162
Q9NS40,GO:0005242
Q9NS40,GO:0005886
Q9NS40,GO:0006813
Q9NS40,GO:0020037
Q9NS40,GO:0034702
Q9NS40,GO:0042391
Q9NS40,GO:0071805
Q9Y233,GO:0004114
Q9Y233,GO:0004115
Q9Y233,GO:0004118
Q9Y233,GO:0005829
Q9Y233,GO:0006198
Q9Y233,GO:0007165
Q9Y233,GO:0010754
Q9Y233,GO:0030552
Q9Y233,GO:0030553
Q9Y233,GO:0046069
Q9Y233,GO:0046872
Q9Y233,GO:0047555
Q9Y233,GO:0098978
Q9Y233,GO:0141162
Q9P0X4,GO:0005245
Q9P0X4,GO:0005886
Q9P0X4,GO:0005891
Q9P0X4,GO:0007165
Q9P0X4,GO:0008331
Q9P0X4,GO:0098703
Q9UHC9,GO:0005886
Q9UHC9,GO:0006695
Q9UHC9,GO:0008431
Q9UHC9,GO:0015485
Q9UHC9,GO:0015918
Q9UHC9,GO:0016324
Q9UHC9,GO:0030299
Q9UHC9,GO:0030301
Q9UHC9,GO:0030659
Q9UHC9,GO:0031267
Q9UHC9,GO:0031489
Q9UHC9,GO:0042157
Q9UHC9,GO:0042360
Q9UHC9,GO:0042632
Q9UHC9,GO:0042803
Q9UHC9,GO:0051180
Q9UHC9,GO:0071501
Q9BQB6,GO:0005783
Q9BQB6,GO:0005788
Q9BQB6,GO:0005789
Q9BQB6,GO:0006805
Q9BQB6,GO:0007596
Q9BQB6,GO:0017187
Q9BQB6,GO:0042373
Q9BQB6,GO:0047057
Q9BQB6,GO:0047058
Q9BQB6,GO:0048038
Q9BQB6,GO:0060348
Q9H093,GO:0000287
Q9H093,GO:0004674
Q9H093,GO:0005524
Q9H093,GO:0006468
Q9H093,GO:0006915
Q9H093,GO:0030036
Q9H093,GO:0034504
Q9H093,GO:0035330
Q9H093,GO:0042149
Q9H093,GO:0043066
Q9H093,GO:0106310
Q9HAW8,GO:0001889
Q9HAW8,GO:0004857
Q9HAW8,GO:0005080
Q9HAW8,GO:0005783
Q9HAW8,GO:0005789
Q9HAW8,GO:0006805
Q9HAW8,GO:0008194
Q9HAW8,GO:0008210
Q9HAW8,GO:0009407
Q9HAW8,GO:0015020
Q9HAW8,GO:0016125
Q9HAW8,GO:0019585
Q9HAW8,GO:0019899
Q9HAW8,GO:0042178
Q9HAW8,GO:0042803
Q9HAW8,GO:0045922
Q9HAW8,GO:0046982
Q9HAW8,GO:0051552
Q9HAW8,GO:0071385
Q9HAW9,GO:0001889
Q9HAW9,GO:0001972
Q9HAW9,GO:0004857
Q9HAW9,GO:0005496
Q9HAW9,GO:0005504
Q9HAW9,GO:0005783
Q9HAW9,GO:0005789
Q9HAW9,GO:0006631
Q9HAW9,GO:0006805
Q9HAW9,GO:0008194
Q9HAW9,GO:0008202
Q9HAW9,GO:0008210
Q9HAW9,GO:0009804
Q9HAW9,GO:0009812
Q9HAW9,GO:0015020
Q9HAW9,GO:0016125
Q9HAW9,GO:0019899
Q9HAW9,GO:0042573
Q9HAW9,GO:0042803
Q9HAW9,GO:0045922
Q9HAW9,GO:0045939
Q9HAW9,GO:0046982
Q9HAW9,GO:0051552
Q9HAW9,GO:0071385
Q9UK17,GO:0001508
Q9UK17,GO:0005250
Q9UK17,GO:0005886
Q9UK17,GO:0006813
Q9UK17,GO:0006936
Q9UK17,GO:0007268
Q9UK17,GO:0008016
Q9UK17,GO:0008076
Q9UK17,GO:0042383
Q9UK17,GO:0043025
Q9UK17,GO:0043197
Q9UK17,GO:0045211
Q9UK17,GO:0046872
Q9UK17,GO:0051260
Q9UK17,GO:0051262
Q9UK17,GO:0071805
Q9UK17,GO:0086008
Q9UK17,GO:0086009
Q9UK17,GO:0086013
Q9UK17,GO:0086091
Q9UK17,GO:0097623
Q9UK17,GO:0098915
Q9UK17,GO:0098982
Q9UK17,GO:0099625
Q9UK17,GO:0099634
Q9HC97,GO:0002548
Q9HC97,GO:0002931
Q9HC97,GO:0004930
Q9HC97,GO:0004950
Q9HC97,GO:0005741
Q9HC97,GO:0005886
Q9HC97,GO:0007010
Q9HC97,GO:0007186
Q9HC97,GO:0007193
Q9HC97,GO:0007204
Q9HC97,GO:0010667
Q9HC97,GO:0016494
Q9HC97,GO:0030593
Q9HC97,GO:0061756
Q9HC97,GO:0070098
Q9HC97,GO:1901386
Q9NY47,GO:0005245
Q9NY47,GO:0005886
Q9NY47,GO:0005891
Q9NY47,GO:0046872
Q9NY47,GO:0048787
Q9NY47,GO:0098696
Q9NY47,GO:0098982
Q9Y251,GO:0004566
Q9Y251,GO:0005576
Q9Y251,GO:0005615
Q9Y251,GO:0005634
Q9Y251,GO:0005654
Q9Y251,GO:0005764
Q9Y251,GO:0005765
Q9Y251,GO:0005886
Q9Y251,GO:0006029
Q9Y251,GO:0007160
Q9Y251,GO:0010575
Q9Y251,GO:0030194
Q9Y251,GO:0030200
Q9Y251,GO:0030202
Q9Y251,GO:0030305
Q9Y251,GO:0031012
Q9Y251,GO:0033690
Q9Y251,GO:0035580
Q9Y251,GO:0043202
Q9Y251,GO:0045121
Q9Y251,GO:0045545
Q9Y251,GO:0046677
Q9Y251,GO:0051797
Q9Y251,GO:0051798
Q9Y251,GO:0051897
Q9Y251,GO:0060055
Q9Y251,GO:0061028
Q9Y251,GO:0061042
Q9Y251,GO:0071806
